,url,title,calories,carbohydrates,protein,fat,ingredients
0,https://www.10000recipe.com/recipe/7045892,냉이콩나물국 냉이국,180,30,12,2,"콩나물, 냉이, 멸치액젓, 코인 육수, 간마늘"
1,https://www.10000recipe.com/recipe/7045958,"6.블루베리 잼(ft.무설탕,면역력,시력강화)(2025.2.23)",4200,1060,20,0,"냉동 블루베리, 꿀, 아가베시럽, 대추야자시럽"
2,https://www.10000recipe.com/recipe/7046074,7.케일•알배추•깻잎 쌈밥(ft.야채참치쌈장)(2025.2.25),1234,145,68,45,"케일, 알배추, 깻잎, 공기밥, 참기름, 소금, 참깨, 양파, 참기름, 된장, 고추장, 마늘, 파프리카, 청양고추, 표고버섯, 참치캔, 고춧가루, 사탕수수 원당"
3,https://www.10000recipe.com/recipe/7045542,바나나 초코 쌀 쿠키 만들기 바나나 초코칩 쿠키 요리 레시피,2150,464,33,30,"바나나, 설탕, 박력분 쌀가루, 소금, 베이킹파우더, 초코칩"
4,https://www.10000recipe.com/recipe/7045351,들깨수제비,2150,300,100,75,"밀가루, 애호박, 들깨가루, 간마늘, 사골곰탕"
5,https://www.10000recipe.com/recipe/7045905,쫄면레시피,1050,186,31,23,"쫄면, 양배추, 당근, 고추장, 고추가루, 매실청, 식초, 간마늘, 간장, 설탕, 통깨, 참기름"
6,https://www.10000recipe.com/recipe/7045842,열무된장볶음 나물 만드는 법 열무나물볶음 레시피,150,10,5,8,"열무나물, 파, 간마늘, 된장, 새우젓, 식용류, 들깨가루, 참기름, 통깨"
7,https://www.10000recipe.com/recipe/7045872,시금치나물 된장무침 만드는법,165.5,10.9,10.1,9.8,"시금치, 파, 소금, 된장, 국간장, 멸치액젓, 고춧가루, 마늘, 참기름, 통깨"
8,https://www.10000recipe.com/recipe/7045931,고추장 감자조림 만들기 매콤 매운 감자볶음 레시피,1665,228,38,74,"감자, 파, 양파, 식용유, 마늘, 참기름, 깨, 진간장, 고추장, 고춧가루엿, 설탕, 참치액"
9,https://www.10000recipe.com/recipe/7045885,섬초 시금치무침 봄나물반찬 만들기,68,2,3,6,"시금치, 소금, 간마늘, 통깨, 참기름"
10,https://www.10000recipe.com/recipe/7045900,굴소스 느타리버섯볶음 만드는 법 버섯볶음 레시피,186.5,15.9,3.7,12.1,"느타리버섯, 양파, 당근, 파, 마늘, 굴소스, 식용유, 소금, 후추, 통깨"
11,https://www.10000recipe.com/recipe/7045864,양배추 참치덮밥 레시피 다이어트 양배추덮밥 레시피,540,33.6,33.7,30.5,"밥, 양배추, 참치캔, 당근, 올리브유, 참치액, 계란, 참기름, 파, 통깨"
12,https://www.10000recipe.com/recipe/7045828,"배추의 변신은 무죄! 엄청 맛있는 ""배추말이전"" 만들어보세요!",1020,48,20,85,"배추, 올리브유, 들기름, 청양고추, 마늘, 간장, 참기름, 올리고당, 통"
13,https://www.10000recipe.com/recipe/7045801,꽈리고추소고기볶음,760,38,60,40,"소고기, 꽈리고추, 통깨, 간장, 마늘, 맛술, 굴소스엿, 후추"
14,https://www.10000recipe.com/recipe/7044870,버터 갈릭 굴소스 파스타 초스피드 야식으로도 최고!,1234,78,32,85,"올리브유, 마늘편마늘 마늘, 파스타, 굴소스, 간장, 버터, 페퍼론치노, 치킨스톡, 후추, 치즈"
15,https://www.10000recipe.com/recipe/7043236,아보카도두부샐러드,620,23,23,50,"아보카도, 두부, 쪽파, 깨소금, 진간장, 식초, 알룰로스, 참기름"
16,https://www.10000recipe.com/recipe/7045536,<맛도 건강도 챙기는> 초간단 양배추 닭가슴살 덮밥,415,31,38,15,"양배추, 닭가슴살, 마늘, 양파, 달걀, 밥, 진간장, 참치액, 올리브유, 굴소스, 알룰로스, 파슬리"
17,https://www.10000recipe.com/recipe/7033948,햄 감자채볶음 만드는법,540,45,20,30,"감자, 스팸, 양파, 당근, 마늘, 소금, 후추, 통깨, 참기름"
18,https://www.10000recipe.com/recipe/7022775,시금치무침 (시금치데치는 방법 시금치나물요리 나물반찬 반찬레시피),315,6.5,26.5,20.5,"시금치, 소금, 마늘, 참치액, 참기름, 깨소금, 소금"
19,https://www.10000recipe.com/recipe/7035751,아삭한 콩나물무침 레시피/ 하얀 콩나물무침 만들기,215,15,18,9,"콩나물, 파, 마늘, 참치액, 맛소금, 참기름, 통깨"
20,https://www.10000recipe.com/recipe/7029407,"즉석,오이 부추 무침(백종원양념)",150,20,5,7,"오이, 부추, 양파, 매운 고추선택, 고추장, 고춧가루, 간장, 식초, 참기름, 설탕, 올리고당, 마늘, 통깨"
21,https://www.10000recipe.com/recipe/7029097,여름반찬 아삭오이고추 만능된장무침 레시피,38,5,2,2,"오이고추, 된장, 고춧가루, 통깨, 올리고당, 참기름"
22,https://www.10000recipe.com/recipe/7025833,매운빨간콩나물무침 레시피 매일반찬,315,33,17,13,"콩나물, 파, 고추가루, 맛소금, 멸치액젓, 국간장, 참기름, 통깨"
23,https://www.10000recipe.com/recipe/7033609,애호박 새우젓 볶음,215,18,5,14,"애호박, 양파, 마늘, 새우젓, 국간장, 소금, 들기름"
24,https://www.10000recipe.com/recipe/7045230,참치마요 무스비 만들기 참치마요김밥,2530,186,97,160,"김밥김, 식용유, 밥, 가는소금, 깨소금, 참기름, 캔참치, 마요네즈, 후추, 계란, 소금, 후추"
25,https://www.10000recipe.com/recipe/7023640,"향긋한 취나물 간단하게 쌈장으로 무쳐도 맛있어요, 취나물쌈장무침",180,10,8,12,"취나물, 통깨, 소금, 파, 쌈장, 마늘, 파, 설탕, 참치액젓, 들기름"
26,https://www.10000recipe.com/recipe/7018228,베이컨감자채볶음,1025,97,33,60,"감자, 당근, 베이컨, 파, 통깨, 소금"
27,https://www.10000recipe.com/recipe/6984517,도시락 반찬으로 최고! 스팸감자조림♡,1340,169,47,54,"감자, 스팸, 진간장, 설탕, 후추, 올리고당, 마늘"
28,https://www.10000recipe.com/recipe/7044771,양념게장/9:6:2:2:1 외우세요/ 친정엄마도 엄지척 외쳐주는 양념게장,1740,180,120,60,"꽃게, 파, 식초, 간장, 고추가루, 설탕, 식초, 마늘, 생강"
29,https://www.10000recipe.com/recipe/7044761,영양만점 참치 양파볶음 황금레시피,280,15,30,10,"참치캔, 양파, 후추, 통깨, 설탕, 소금"
30,https://www.10000recipe.com/recipe/6989690,아이반찬 양파소세지볶음 레시피 양파요리 초스피드반찬,1135.5,38.5,53.5,87.5,"양파, 비엔나 소세지, 굴소스, 올리고당, 참기름, 통깨"
31,https://www.10000recipe.com/recipe/7009944,오이고추된장무침 (사계절 먹기좋은 밑반찬 고추무침 5분 레시피),105,10,4,6,"오이고추, 된장, 고추장, 참기름, 올리고당, 통깨"
32,https://www.10000recipe.com/recipe/7044276,무설탕 알록달록 파프리카 간장 피클,1080,240,20,0,"파프리카, 고추, 양파, 간장, 설탕, 식초"
33,https://www.10000recipe.com/recipe/7005830,도토리묵김무침 레시피 아이반찬,320,23,12,20,"도토리묵, 조미김, 진간장, 설탕, 참기름, 통깨, 파"
34,https://www.10000recipe.com/recipe/7037835,소시지 채소 볶음,1015.5,23.9,38.6,86.7,"비엔나 소세지, 마늘, 양파, 파프리카, 파, 굴소스, 참기름, 후추, 소금, 통깨, 식용유"
35,https://www.10000recipe.com/recipe/7040598,[메추리알장조림] 홍두깨살이 들어간 장조림 레시피 | 신혼밥상,3150,144,292,155,"홍두깨살, 메추리알, 마늘, 파, 간장, 맛술, 설탕엿"
36,https://www.10000recipe.com/recipe/7017809,시금치 계란 볶음 레시피 다이어트 반찬,614,6,33,51,"시금치, 계란, 버터, 마늘, 소금, 올리브유, 소금"
37,https://www.10000recipe.com/recipe/6993517,새송이버섯버터굴소스볶음 간단반찬,150,5,3,12,"새송이버섯, 버터, 굴소스, 진간장, 통깨"
38,https://www.10000recipe.com/recipe/7003487,청경채 된장 무침으로,215.5,17.9,6.1,14.1,"청경채, 쪽파, 된장, 간마늘, 고춧가루, 설탕, 매실액, 들기름, 통깨"
39,https://www.10000recipe.com/recipe/7032079,감자꽈리고추조림 밥통 거덜내는 무시무시한 저녁반찬,1025,191,29,15,"감자, 꽈리고추, 마늘, 고추장, 된장, 고춧가루, 설탕, 진간장, 맛술, 참기름, 올리고당"
40,https://www.10000recipe.com/recipe/7030132,대패 제육볶음 레시피 대패삼겹살 돼지 대패 두루치기,4130,68,224,336,"대패삼겹살, 파, 양파, 설탕, 올리고당, 참기름, 통깨, 후추, 고춧가루, 고추장, 진간장, 마늘, 매실액, 맛술"
41,https://www.10000recipe.com/recipe/7029194,감자 계란국 끓이는 법 계란 감자국 간단한 맑은 국 요리,420,50,20,15,"감자, 계란, 양파, 파, 코인 육수, 마늘, 국간장, 소금, 후추"
42,https://www.10000recipe.com/recipe/7013562,새송이버섯볶음 간장버섯조림 어린이 밑반찬,1025,38,15,91,"새송이버섯, 파, 식용유, 진간장, 올리고당, 마늘, 참기름, 깨소금, 식용유"
43,https://www.10000recipe.com/recipe/7028655,참기름 스팸김치볶음 레시피,1160,38,47,93,"김치, 스팸, 식용유, 고춧가루, 간장, 설탕, 올리고당, 참기름, 통깨"
44,https://www.10000recipe.com/recipe/7007585,베이컨감자채볶음,1025,108,38,53,"감자, 베이컨, 파, 통깨, 소금, 양파"
45,https://www.10000recipe.com/recipe/7044413,상추 겉절이 상추 무침,165,10,5,11,"상추, 진간장, 식초, 설탕, 고추가루, 참기름, 마늘, 참깨"
46,https://www.10000recipe.com/recipe/7030095,매운 어묵볶음 어묵 요리 맛있게 만들기,320,29,24,10,"어묵, 파, 마늘, 알룰로스, 고춧가루, 간장"
47,https://www.10000recipe.com/recipe/6991123,"고소한 맛이 좋은 밑반찬, 애호박버섯볶음 만들기(새우젓없이 만들기)",1020,48,16,86,"느타리버섯, 애호박, 식용유, 마늘, 소금, 참기름, 후추"
48,https://www.10000recipe.com/recipe/7004229,[참치쌈장] 입맛없을때 밥도둑이요!,614,31,41,38,"참치, 양파, 청양고추, 기름, 된장, 고추장, 고춧가루, 마늘, 올리고당, 매실엑기스, 참기름, 깨"
49,https://www.10000recipe.com/recipe/7042532,삼겹살 제육볶음,1740,68,123,114,"삼겹살, 마늘, 양파, 파, 설탕, 고춧가루, 간장, 멸치액젓, 식초"
50,https://www.10000recipe.com/recipe/7037873,얼갈이무침 이렇게 만들면 정말 맛있어요 얼갈이들깨무침 레시피,420,12,12,36,"얼갈이, 마늘, 국간장, 갈은깨, 들기름, 들깨가루, 소금"
51,https://www.10000recipe.com/recipe/7004418,참나물 된장무침 만들기,180,8,6,15,"참나물, 고추장, 마늘, 된장, 참기름, 깨"
52,https://www.10000recipe.com/recipe/6995956,생일상으로 딱 <하트맛살전> : 사랑하는 마음을 담아서 짜란,540,12,52,30,"맛살, 계란, 참치캔, 청양고추, 양파, 소금, 후추"
53,https://www.10000recipe.com/recipe/6983042,쪽파계란말이 만들기-딸에게#,320,3,28,21,"계란, 맛술, 참치액, 쪽파, 기름"
54,https://www.10000recipe.com/recipe/6992063,"내 인생 레시피,친정 엄마표 “파채무침”",1120,94,18,76,"파, 양파, 식초, 간장, 설탕, 고춧가루, 참기름, 통깨"
55,https://www.10000recipe.com/recipe/6957003,단짠단짠 마성의 베이컨덮밥♡,1020,27,45,80,"베이컨, 양파, 진간장, 설탕, 맛술, 마늘, 굴소스"
56,https://www.10000recipe.com/recipe/6933414,#최애반찬#소세지강정,3150,180,150,210,"비엔나 소세지, 양파, 캐첩, 간장, 설탕, 식초, 굴소스, 올리고당"
57,https://www.10000recipe.com/recipe/7030325,도토리묵무침,300,20,15,20,"도토리묵, 파, 참기름, 조미김, 통깨, 소금, 후추"
58,https://www.10000recipe.com/recipe/7036904,우삼겹 콩나물 불고기,2380,144,156,132,"우삼겹, 콩나물, 고추장, 진간장, 맛술, 설탕, 간마늘, 다시다, 후추"
59,https://www.10000recipe.com/recipe/6994258,[밑반찬] 10분 밑반찬 딱딱하지않고 부드러운 오징어채,1020,23,57,80,"오징어채, 맛술, 마요네즈, 식용유, 마늘, 고추장, 고추가루, 간장, 올리고당, 설탕, 마요네즈, 참기름, 깨"
60,https://www.10000recipe.com/recipe/7011685,베이컨 떡말이 어린이 간식 간단 술안주,3200,640,100,60,"떡볶이떡, 베이컨, 파슬리, 머스타드"
61,https://www.10000recipe.com/recipe/7039745,카레 부추 볶음밥,3150,297,63,195,"밥, 카레가루, 버터, 올리브유, 부추, 마늘, 통깨, 달걀, 식용유"
62,https://www.10000recipe.com/recipe/7035098,새콤달콤 무생채 레시피 아삭한 무생채 만드는 법,420,78,15,6,"무, 고춧가루, 식초, 설탕, 까나리액젓, 마늘, 파, 소금, 깨"
63,https://www.10000recipe.com/recipe/7001752,아이 반찬 콩나물 & 크래미 무침 - 아이들 콩나물과 친해져요.,540,33,45,27,"콩나물, 크래미, 파, 소금, 들기름, 깨소금"
64,https://www.10000recipe.com/recipe/7020127,베이컨 반찬 베이컨숙주볶음 레시피,540,17,23,42,"베이컨, 숙주, 청양고추, 파, 식용유, 통깨, 쪽파, 간장, 맛술, 굴소스, 마늘, 올리고당"
65,https://www.10000recipe.com/recipe/7045765,"4.봄 곰취 장아찌(ft.면역력 올리기,계절음식)(2025.2.24)",320,74,5,1,"잎넓은 곰취, 고추, 청양고추, 정종, 다시마, 진간장, 사탕수수 원당, 매실액, 식초"
66,https://www.10000recipe.com/recipe/7042590,시금치 오일 파스타 레시피,650,70,25,30,"시금치, 새우, 방울토마토, 마늘, 파스타, 소금, 후추, 참치액, 올리브유"
67,https://www.10000recipe.com/recipe/7018178,유아반찬~굴소스어묵소세지볶음!,1120,38,52,85,"납작 어묵, 프랑크소세지, 파, 올리브유, 마늘, 굴소스, 올리고당, 참기름, 통깨"
68,https://www.10000recipe.com/recipe/7030722,가지나물,210,30,6,8,"가지, 마늘, 쪽파, 깨소금, 국간장, 참기름, 소금"
69,https://www.10000recipe.com/recipe/6912734,버섯으로 관자 느낌 내는 방법! 새송이버섯간장버터구이 만들기,186,13,4,13,"새송이버섯, 버터, 어린잎채소, 간장, 맛술, 올리고당"
70,https://www.10000recipe.com/recipe/7038084,견과류 품은 멸치볶음; 잔멸치 볶음 손이 가요 손이가~,1740,53,94,135,"잔멸치, 아몬드, 호두, 진간장, 올리브유, 올리고당, 설탕, 맛술, 마요네즈, 통깨"
71,https://www.10000recipe.com/recipe/7003451,"간단하게 만드는 밥도둑, 팽이버섯두부조림",540,50,40,20,"두부, 팽이버섯, 파, 간장, 맛술, 마늘, 올리고당, 고춧가루, 후추"
72,https://www.10000recipe.com/recipe/7014762,[공모전] 뜨끈한 국물요리 소고기미역국,1050,23,84,69,"소고기, 미역, 참기름, 소금, 국간장"
73,https://www.10000recipe.com/recipe/7042638,버섯계란누룽지죽,1025,94,53,50,"누룽지, 팽이버섯, 계란, 파, 다시마멸치 액젓, 연두, 참기름, 깨"
74,https://www.10000recipe.com/recipe/6984423,간단하고 맛있게 대파소시지달걀볶음밥 만들기,1025,77,41,63,"파, 소세지, 달걀, 밥, 진간장, 굴소스, 소금, 후추, 참기름"
75,https://www.10000recipe.com/recipe/7018922,"크래미에 깻잎을 말아 구운 향긋한 전요리, 크래미깻잎전",1020,97,47,50,"크래미, 깻잎, 달걀, 부침가루, 소금, 식용유"
76,https://www.10000recipe.com/recipe/6981985,다이어트 식단 브로콜리 두부무침 만드는 법,315,23,24,16,"브로콜리, 두부, 마늘, 간장, 멸치액젓, 참기름, 깨소금, 밀가루, 소금, 식초"
77,https://www.10000recipe.com/recipe/7006705,알배추 두부참치롤 도리돌돌 말면 한입컷,460,10,45,26,"알배추, 두부, 참치, 계란, 소금, 후추"
78,https://www.10000recipe.com/recipe/7007710,두부소보로덮밥 고소해서 자꾸 먹고 싶어지는 맛,420,12,25,30,"두부, 파, 진간장, 굴소스, 올리고당, 계란노른자, 들기름, 깨소금"
79,https://www.10000recipe.com/recipe/7007197,구운 참치 간장 주먹밥 레시피 / 아이들 입맛 저격! 자취생도 해먹기 좋은 초간단 주먹밥,540,53,31,22,"밥, 참치, 간장, 참기름, 깨, 후추"
80,https://www.10000recipe.com/recipe/7040785,[스팸마요덮밥] 업그레이드 비법소스로 간단히 만드는 한끼식사 | 신혼밥상,1230,33.5,86.5,84.5,"스팸, 계란, 김가루, 마요네즈, 케첩, 맛술엿, 진간장, 굴소스"
81,https://www.10000recipe.com/recipe/7045621,초간단 참치 비빔밥,540,10,38,38,"참치캔, 상추, 파로밥, 볶음 고추장, 참기름, 달걀"
82,https://www.10000recipe.com/recipe/7044793,"라면스프를 이용한 간단한 해장레시피,누룽지라죽",620,50,20,35,"누룽지, 계란, 라면스프, 참기름"
83,https://www.10000recipe.com/recipe/7002422,우삼겹콩나물국 레시피,1050,32,68,75,"우삼겹, 콩나물, 파, 고춧가루, 맛술, 국간장, 액젓, 마늘"
84,https://www.10000recipe.com/recipe/6933760,♥[신혼밥상] 팽이버섯 덮밥,315,18,16,20,"팽이버섯, 파, 양파, 달걀, 참기름, 통깨, 간장, 굴소스, 설탕, 맛술"
85,https://www.10000recipe.com/recipe/7014608,"10분컷, 아보카도 간장와사비 계란밥",676,77,21,34,"밥, 아보카도, 계란, 간장, 와사비"
86,https://www.10000recipe.com/recipe/6992944,다이어트 식단 표에 넣기 좋은 원팬 양파 볶음밥,1050,97,97,33,"양파, 슬라이스 마늘, 밥, 올리브유, 간장, 후추, 굴소스, 깨, 달걀, 닭가슴살"
87,https://www.10000recipe.com/recipe/6957535,[마늘종볶음]단짠단짠 자꾸만 손이가요~,1025,38.5,74.3,66.8,"건새우, 마늘쫑, 소금, 설탕, 간장, 식용유, 참기름엿, 통깨"
88,https://www.10000recipe.com/recipe/7004960,"밀가루 없이 두부도우로 피자만들기, 두부피자",780,32,80,36,"두부, 토마토소스, 양파, 방울토마토, 닭가슴살, 모짜렐라 치즈"
89,https://www.10000recipe.com/recipe/4030952,아삭아삭한 고추된장박이,68.5,10.6,2.1,2.3,"고추, 된장, 마늘, 송송썰은 파, 참기름, 통깨, 매실원액, 설탕"
90,https://www.10000recipe.com/recipe/6915088,밥도둑 반찬 고추장 달걀조림 만들기!TV 알토란 레시피,1870,123,116,108,"달걀, 양파, 청양고추, 쪽파, 멸치육수, 고추장, 고춧가루, 진간장, 설탕엿, 참기름, 깨, 후추"
91,https://www.10000recipe.com/recipe/6843136,달콤 짭조름♡ 떡 베이컨 간장조림♡,1250,90,35,80,"베이컨, 파, 떡, 간장, 참기름엿, 기름"
92,https://www.10000recipe.com/recipe/7022766,명란으로 감칠맛 더한 다이어트 한 끼! 명란오이비빔밥,380,38,23,15,"명란, 오이, 밥, 달걀, 두부, 간장, 들기름"
93,https://www.10000recipe.com/recipe/6997077,양배추오믈렛..,1020,20,68,78,"계란, 양배추, 소금, 모짜렐라 치즈, 식용유, 케찹"
94,https://www.10000recipe.com/recipe/7011840,간단 콩나물반찬 콩나물요리 매운 콩나물무침 빨간 콩나물무침,315,23,10,20,"콩나물, 파, 소금, 식용유, 고춧가루, 국간장, 참기름, 깨소금, 소금"
95,https://www.10000recipe.com/recipe/7009241,매콤오이채무침 레시피 한끼반찬 오이요리,85,4,2,7,"오이, 고춧가루, 국간장, 참기름, 통깨"
96,https://www.10000recipe.com/recipe/7042593,애호박전 꽃보다 예쁘게 만드는 레시피,1165,92,52,68,"애호박, 계란, 고추, 소금, 참치액젓, 부침가루, 식용유"
97,https://www.10000recipe.com/recipe/7022709,이유식 큐브 이용 소고기 순두부 죽,540,64,38,14,"죽, 오트밀죽, 소고기, 순두부, 새송이, 브로콜리"
98,https://www.10000recipe.com/recipe/7044033,우엉조림 우엉채조림 황금레시피,1096,158,16,45,"우엉, 다시마, 진간장, 설탕엿, 식용유, 들기름, 통깨"
99,https://www.10000recipe.com/recipe/6907091,초간단 5분반찬!아삭아삭 '고추쌈장무침',105,10,2,7,"오이고추, 쌈장, 고춧가루, 올리고당, 참기름, 마늘, 깨"
100,https://www.10000recipe.com/recipe/6962486,[다이어트요리] 새싹 두부 비빔밥 만드는 법,315,47,12,8,"두부, 새싹채소, 현미밥, 고추장, 꿀, 마늘, 참기름, 참깨, 매실액"
101,https://www.10000recipe.com/recipe/7017649,다이어트식으로 딱 알배추 두부말이구이,215,15,15,12,"알배추, 두부, 간장, 고추가루, 마늘, 청양고추, 설탕, 참기름"
102,https://www.10000recipe.com/recipe/7002329,상큼한 크래미 오이 숙주무침,320,47,12,10,"숙주, 크래미, 오이, 마늘, 설탕, 식초, 소금, 후추, 통깨, 참기름"
103,https://www.10000recipe.com/recipe/7025424,무조림 만들기,0,0,0,0,"고추장, 고춧가루, 진간장, 국간장, 마늘, 설탕, 된장, 멸치육수, 무"
104,https://www.10000recipe.com/recipe/7045583,술안주레시피 간단한 안주요리 더덕부추전 부추요리 부추전,1435,186,53,56,"부추, 더덕, 청양고추, 달걀, 식용유, 튀김가루, 새우가루, 멸치액젓"
105,https://www.10000recipe.com/recipe/6983882,소떡강정 만드는 법 소떡소떡보다 만들기 쉬운 소떡강정레시피,1740,234,45,75,"비엔나 소세지, 떡볶이떡, 식용유, 통깨, 고추장, 간장, 마늘, 설탕, 올리고당, 케첩"
106,https://www.10000recipe.com/recipe/7006608,애호박새우살볶음 한끼반찬 초스피드요리,420,18,38,22,"애호박, 새우살, 참기름, 마늘, 국간장, 통깨"
107,https://www.10000recipe.com/recipe/6840157,자취라이프 평범한 단무지도 양념에 무쳐서 맛있게 먹자,156,13.6,2.6,10.2,"단무지, 파, 통깨, 고추가루, 참기름, 올리고당"
108,https://www.10000recipe.com/recipe/7035725,가츠동 대신 비비고 만두로 계란 만두 덮밥 만들기,1050,74,41,66,"만두, 양파, 달걀, 진간장, 맛술, 설탕, 멸치액젓, 식용유"
109,https://www.10000recipe.com/recipe/7043734,"간장 멸치볶음 만드는 법, 간단한 밑반찬 만들기",1020,38,78,63,"멸치, 식용유, 마늘, 진간장, 맛술, 올리고당, 깨"
110,https://www.10000recipe.com/recipe/6978378,♥[신혼밥상]오독오독 매운팽이버섯,215,23,6,12,"팽이버섯, 쪽파, 청양고추, 마늘, 식용유, 고추장, 고춧가루, 설탕, 맛술, 간장, 올리고당"
111,https://www.10000recipe.com/recipe/7016910,소고기무국,1120,191,64,16,"소고기국거리, 무, 파, 국간장, 마늘, 소금, 참기름, 쌀뜨물"
112,https://www.10000recipe.com/recipe/7006926,알배추무침 불 쓰지 말고 7분만에 뚝딱‼️ 만들어 보세요,255,17,12,16,"알배추, 파, 된장, 국간장, 참기름, 마늘, 갈은 통깨"
113,https://www.10000recipe.com/recipe/6951564,간단하게 맛난 반찬 만들기 '베이컨 버섯볶음',315,12,18,22,"베이컨, 양파, 새송이버섯, 마늘, 굴소스"
114,https://www.10000recipe.com/recipe/7042695,초간단 시원한 된장 배춧국 레시피,210,31,14,3,"알배추, 코인 육수, 된장, 마늘, 고춧가루, 청양고추, 파, 소금"
115,https://www.10000recipe.com/recipe/6830616,배추 된장 들깨무침,105,6,6,7,"배추, 된장, 들깨, 참기름"
116,https://www.10000recipe.com/recipe/6975337,순두부찜 (다이어트음식에 아주 좋은 순두부요리),540,19,38,34,"순두부, 파, 고추, 마늘, 진간장, 참치액, 맛술, 참기름, 통깨, 고춧가루"
117,https://www.10000recipe.com/recipe/6897383,스팸 돈부리덮밥!반찬이 필요없는 초간단 한그릇 요리,1690,74,108,108,"스팸, 양파, 계란, 파, 간장, 설탕"
118,https://www.10000recipe.com/recipe/7010409,대패 우유 카레우동 레시피,1050,70,55,60,"우동면, 양파, 우유, 카레가루, 대패삼겹살"
119,https://www.10000recipe.com/recipe/6913952,목우촌 집반찬 간편요리 마늘쫑 소시지 볶음,380,10,15,30,"소세지, 마늘쫑, 간장, 올리고당, 참기름, 통깨"
120,https://www.10000recipe.com/recipe/6875304,고소하고 향긋한 깻잎들깨볶음,120,6,4,8,"깻잎, 파, 마늘, 국간장, 참기름, 들깨가루, 깨"
121,https://www.10000recipe.com/recipe/7025912,토마토 달걀볶음/방울토마토,234,9,12,17,"달걀, 방울토마토, 파, 마늘, 간장, 식용유, 소금, 후추"
122,https://www.10000recipe.com/recipe/6918934,갈릭마요새우 간단히 만들어 먹는 술안주!,540,8,28,44,"새우, 마늘, 마요네즈, 설탕, 버터, 후추, 소금, 파슬리"
123,https://www.10000recipe.com/recipe/7014484,NO밀가루! 감자치즈호떡 아이들 간식으로 딱 좋아요.,1200,100,40,70,"감자, 모짜렐라 치즈, 마요네즈, 설탕, 소금, 전분가루, 버터"
124,https://www.10000recipe.com/recipe/7026723,마요네즈 스팸계란볶음밥 레시피,1430,92,53,96,"공기밥, 계란, 식용유, 스팸, 마요네즈, 간장, 통깨"
125,https://www.10000recipe.com/recipe/6877253,비엔나 만두 강정,1120,74,40,75,"만두, 비엔나 소세지, 간장, 고추장, 케찹, 올리고당, 마늘, 참기름, 깨"
126,https://www.10000recipe.com/recipe/7042351,아삭한 콩나물무침!,320,45,15,10,"콩나물, 파, 맛술, 고추가루, 마늘, 소금, 참기름, 통깨"
127,https://www.10000recipe.com/recipe/6885909,【간단반찬】꽈리고추 햄볶음 만들기~,1035,58,31,77,"꽈리고추, 햄, 양파, 진간장, 굴소스, 마늘, 올리고당, 식용유, 참기름"
128,https://www.10000recipe.com/recipe/6966445,파프리카달걀볶음:초간단 저탄고지 다이어트 단백질식사,387,18,19,28,"파프리카, 달걀, 양파, 현미유, 소금, 후추, 파슬리"
129,https://www.10000recipe.com/recipe/7036790,류수영 어묵국수 만들기 참치액으로 끝!,1120,200,60,10,"어묵, 파, 소면, 참치액, 후추"
130,https://www.10000recipe.com/recipe/6946282,깐풍기맛 나는 깐풍두부!,320,29,23,12,"두부, 파, 청양고추, 굴소스, 식초, 고춧가루, 마늘, 설탕, 진간장"
131,https://www.10000recipe.com/recipe/6991245,참치양파볶음 (초간단 초스피드 반찬 레시피),415.5,16.9,31.6,25.6,"참치캔, 양파, 파, 청양고추, 통깨, 식용유, 고춧가루, 설탕, 진간장"
132,https://www.10000recipe.com/recipe/7002301,고소하고 짭짤한 초간단 명란버터우동,650,70,25,30,"우동면, 명란젓, 쪽파, 버터, 달걀, 김가루, 쯔유"
133,https://www.10000recipe.com/recipe/6897374,꿀마늘 닭강정(아이들 단골메뉴 찜♡♡),1650,108,108,90,"닭봉, 파프리카, 간장, 설탕, 꿀, 마늘, 후추"
134,https://www.10000recipe.com/recipe/6952025,무볶음 만들기,150,7,2,12,"무, 파, 들기름, 맛소금, 마늘, 깨"
135,https://www.10000recipe.com/recipe/7002427,돼지고기감자조림 밥통이 거덜날 수 있어요,1395.5,94.6,94.3,70.1,"감자, 돼지고기 앞다리살, 양파, 청양고추, 파, 마늘, 참치액젓, 진간장, 설탕, 맛술, 고춧가루, 고추장"
136,https://www.10000recipe.com/recipe/6846168,초간단 럭셔리요리@ 매콤참치퀘사디아,780,70,40,35,"또띠아, 참치캔, 치즈, 양파, 청양고추, 토마토소스"
137,https://www.10000recipe.com/recipe/6894755,만물상에 소개된 불 없이 5분만에 만든 오징어채 황금 레시피!,315,17,6,24,"진미채, 고추장, 고추가루, 간장, 마늘, 깨, 참기름, 올리고당, 마요네즈"
138,https://www.10000recipe.com/recipe/2399193,매콤하게 즐기는 새우당면 덮밥,1035,123,64,33,"당면, 새우, 양파, 파, 마늘, 고추기름, 참기름, 멸치, 다시마, 설탕, 고추장, 굴소스, 맛술, 후추"
139,https://www.10000recipe.com/recipe/6990828,"5분 컷 세상 간단한 달걀요리, 우유달걀카레",632,31,29,44,"달걀, 우유, 마늘, 양파, 버터, 카레가루, 소금"
140,https://www.10000recipe.com/recipe/7027008,고추장 대신 된장소스 곁들인 감칠맛 가득 부추비빔밥,482.5,45.9,31.6,17.9,"부추, 참치, 달걀, 밥, 된장, 식초, 마늘, 청양고추, 들기름, 매실청"
141,https://www.10000recipe.com/recipe/6989041,대파 싫어하는 아이들도 잘 먹는 대파 냉파스타 만들어 보세요.,380,47,6,19,"파, 푸실리, 간장, 올리브유, 참기름, 올리고당, 식초, 마늘"
142,https://www.10000recipe.com/recipe/7027794,입맛 없는 여름에 딱 좋은 한 끼! 오이고추 비빔밥,315,13,29,17,"오이고추, 참치, 김가루, 통깨, 된장, 들기름, 마늘, 매실청, 식초"
143,https://www.10000recipe.com/recipe/6996297,고구마떡 고구마씨를 말릴 수 있는 위험한 레시피,1165,144,16,61,"고구마, 설탕, 감자전분, 모짜렐라 치즈, 식용유"
144,https://www.10000recipe.com/recipe/7023517,알배추샐러드 젓갈 없이 가볍게 드세요 정말 맛있어요~ ‼️,215.5,19.9,5.6,13.1,"알배추, 오이, 고추, 진간장, 식초, 설탕, 고춧가루, 올리브유"
145,https://www.10000recipe.com/recipe/7032267,계란 참치전 만드는법 간단한 밥반찬 야채 참치전 레시피,570,29,47,28,"참치, 계란, 양파, 파, 당근, 팽이버섯, 소금, 후추, 전분가루"
146,https://www.10000recipe.com/recipe/6910706,재료도 방법도 초간단! 떠먹는 치즈감자,1025,68,58,63,"감자, 베이컨, 모짜렐라 치즈, 우유, 후추"
147,https://www.10000recipe.com/recipe/6891606,백종원의 부추 달걀 볶음,1234,116,45,60,"부추, 달걀, 식용유, 밥, 굴소스, 참기름"
148,https://www.10000recipe.com/recipe/6924130,쉽고간단한 시금치양파계란볶음!,460,15,25,35,"시금치, 양파, 계란, 소금, 올리브유, 통깨"
149,https://www.10000recipe.com/recipe/6895591,쫄깃하고 맛있는 두부볶음 레시피!다이어트 요리로도 좋아요,380,18,24,24,"두부, 마늘, 고추장, 간장, 굴소스, 올리고당, 참기름, 깨"
150,https://www.10000recipe.com/recipe/7030846,칼라 방울 토마토 바질 매실청 마리네이드,1030,94,7,72,"방울토마토, 바질, 레몬, 매실청, 올리브유, 레몬즙"
151,https://www.10000recipe.com/recipe/6918383,달콤한 양파속에 꼭꼭 숨은 닭가슴살,380,18,53,10,"닭가슴살, 달걀, 양파, 소금"
152,https://www.10000recipe.com/recipe/6988775,오이무침 (5분이면 완성하는 반찬레시피),109,17.6,4.6,2.9,"오이, 쪽파, 고춧가루, 멸치액젓, 매실청, 마늘, 통깨"
153,https://www.10000recipe.com/recipe/7040553,[매콤감자조림] 간단하고 매콤한 감자 요리 레시피 | 신혼밥상,1024,148,27,35,"감자, 양파, 파, 고춧가루, 마늘, 올리고당, 간장, 맛술, 들기름, 고추장, 참치액젓"
154,https://www.10000recipe.com/recipe/6869489,매콤버섯덮밥~한그릇,345,63.5,10.7,5.9,"느타리버섯, 양파, 파, 밥, 참깨, 간장, 고추가루, 참기름, 설탕"
155,https://www.10000recipe.com/recipe/6869017,【반전의맛】스팸 양배추 덮밥 만들기~,420,38,18,22,"양배추, 양파, 파, 스팸, 땡초, 마늘, 간장, 굴소스, 참기름, 설탕, 후추"
156,https://www.10000recipe.com/recipe/6959420,톡 쏘는 맛이 매력인 새콤달콤 닭고기 냉채 : 더워서 입맛 없을 때 무조건 이 메뉴!,273,15,27,11,"닭고기, 양배추채, 파프리카, 연겨자, 간장, 식초, 매실청, 꿀, 마늘, 통깨"
157,https://www.10000recipe.com/recipe/6881099,완전맛있는 차돌박이찜! 미소된장마요소스도 함께~,320,15,25,18,"차돌박이, 깻잎, 팽이버섯, 숙주나물, 미소된장, 마요네즈, 올리고당, 마늘, 고춧가루, 청양고추"
158,https://www.10000recipe.com/recipe/7035279,감칠맛 가득 밥반찬 애호박 새우마요 볶음,1050,23,68,78,"새우, 애호박, 올리브유, 참기름, 맛술, 간장, 마요네즈, 와사비, 후추, 쪽파"
159,https://www.10000recipe.com/recipe/6834258,초간단 연두부반찬,250,10,20,15,"연두부, 파, 청양고추, 마늘, 간장, 고춧가루, 깨소금, 참기름"
160,https://www.10000recipe.com/recipe/6988709,차가워도 맛있는 추억의 급식달걀찜,1045,31,86,64,"달걀, 당근, 양파, 쪽파, 참치액, 맛술, 소금, 통깨"
161,https://www.10000recipe.com/recipe/6939980,쫄깃 매콤한 백종원 느타리 두루치기,420,63,15,12,"느타리버섯, 양파, 애호박, 고추, 파, 고추장, 고춧가루, 간장, 설탕, 마늘, 참기름"
162,https://www.10000recipe.com/recipe/6984643,콜레스테롤 수치를 낮춰주는 초간단 양파 간장 볶음 만드는 법,155,12,3,11,"양파, 파, 간장, 식용유, 통깨"
163,https://www.10000recipe.com/recipe/6892209,볶아 먹는 시금치도 맛있다♪ 시금치달걀볶음,540,10,30,42,"시금치, 달걀, 기름, 파, 소금"
164,https://www.10000recipe.com/recipe/6868389,치킨너겟으로 간편하게 간장치킨 만들기,2500,150,100,120,"치킨너겟, 진간장, 설탕, 올리고당, 마늘, 매실액, 맛술"
165,https://www.10000recipe.com/recipe/6881815,칠리새우ㅣ쉬림프 박스 만들기,380,15,20,25,"칵테일 새우, 마늘, 버터, 식용유, 케찹, 고추가루, 설탕, 간장, 식초"
166,https://www.10000recipe.com/recipe/7020587,휘리릭 볶아 완성하는 감자볶음 만들기,1025,68,27,73,"감자, 스팸, 당근, 양파, 마늘, 식용유, 참기름, 깨소금"
167,https://www.10000recipe.com/recipe/7039682,[가지양념구이] 간단하지만 맛있는 황금레시피 | 신혼밥상,315,68,7,1,"가지, 밀가루, 진간장, 식초, 마늘, 꿀, 청양고추"
168,https://www.10000recipe.com/recipe/6887226,저칼로리 된장 참치 양배추롤 만들기 w. 한길식품,315,23,33,9,"양배추, 참치, 양파, 애호박, 버섯, 쪽파, 된장, 고추장, 마늘"
169,https://www.10000recipe.com/recipe/6922700,새우 부추전ㅣ집들이용으로도 손색 없는!,1020,155,70,15,"칵테일 새우, 부추, 부침가루, 청양고추, 소금"
170,https://www.10000recipe.com/recipe/1802633,베이컨떡꼬치,1200,240,40,20,"떡볶이떡, 베이컨, 소금, 후추"
171,https://www.10000recipe.com/recipe/7042698,가지볶음 황금레시피 굴소스 없이 간장가지볶음 만들기,420,38,6,28,"가지, 파, 양파, 식용유, 참기름, 통깨, 진간장, 맛술, 마늘, 올리고당"
172,https://www.10000recipe.com/recipe/6969794,♥[신혼밥상] 소시지양배추덮밥,1660,132,64,96,"양배추, 후랑크 소세지, 파, 달걀, 후추, 올리브유, 참기름, 통깨, 밥, 굴소스, 진간장, 설탕, 맛술"
173,https://www.10000recipe.com/recipe/6948513,"달콤 짭짤 고소, 입맛을 사로 잡는 '베이컨 덮밥'",605,47,21,35,"베이컨, 밥, 양파, 계란 노른자, 간장, 설탕, 맛술, 굴소스, 마늘, 후추"
174,https://www.10000recipe.com/recipe/7038405,순살 생선으로 만드는 덮밥 /생선간장조림 덮밥 전분 소스,1040,47,88,52,"대구, 소금, 감자전분, 마늘, 설탕, 진간장, 맛술, 꿀, 식용유"
175,https://www.10000recipe.com/recipe/6952286,손님 초대용으로도 좋은 유산슬느낌 청경채부추새우덮밥,620,31,38,39,"청경채, 부추, 새우, 버섯, 양파, 마늘, 청양고추, 식용유, 굴소스, 간장, 참기름, 소금, 후추, 전분가루"
176,https://www.10000recipe.com/recipe/7035901,백종원 오삼불고기 만드는 법 오징어삼겹살볶음 밥반찬 술안주 손님초대요리 feat. 오징어 삼겹살,2150,58.5,157.5,144.5,"오징어, 삼겹살, 양파, 마늘, 파, 청양고추, 맛술, 진간장, 고춧가루, 황설탕, 마늘, 고추장, 참기름, 통깨"
177,https://www.10000recipe.com/recipe/6930302,고소하고 상큼한 일본식 오이토마토무침,94,14,2,4,"오이, 토마토, 꽃소금, 설탕, 깨소금, 식초, 진간장, 참기름"
178,https://www.10000recipe.com/recipe/6965981,계란 당면만두 아이들 반찬으로 좋아요,620,45,27,37,"계란, 당면, 당근, 양파, 쪽파, 청양고추, 간장, 설탕, 참기름"
179,https://www.10000recipe.com/recipe/6955413,메추리알은 곤약 하고 졸여야~ 맛있어용~ 쫀득쫀득 곤약이 일품~,1230,214,68,10,"메추리알, 곤약, 당근, 건표고, 파, 간장, 맛술, 설탕, 소금"
180,https://www.10000recipe.com/recipe/6886357,초간단 아이반찬 오징어간장조림 아이밑반찬으로 좋아요,0,0,0,0,"간장, 맛술, 마늘, 생강가루, 설탕, 올리고당, 참기름, 통깨, 후추"
181,https://www.10000recipe.com/recipe/6956954,"[다이어트요리] 에어프라이어에 맛있게 구운 ""닭가슴살꼬치""♪",540,19,75,18,"닭가슴살, 양파, 파프리카, 허브솔트, 식용유"
182,https://www.10000recipe.com/recipe/6894323,고기처럼 쫄깃한 밥도둑 반찬 '새송이버섯 간장버터구이'레시피,315,23,8,21,"새송이버섯, 청양고추, 파, 버터, 간장, 올리고당, 마늘, 참기름"
183,https://www.10000recipe.com/recipe/6885805,초간단 머그컵 퐁당 오 쇼콜라*.*,1045,123,21,54,"초콜렛, 설탕, 식용유, 계란, 밀가루, 핫초코가루"
184,https://www.10000recipe.com/recipe/6980995,무기징역 고추장삼겹살 레시피,4560,92,276,348,"고춧가루, 고추장, 맛술, 설탕, 마늘, 진간장, 깨, 양파, 파, 청양고추, 삼겹살"
185,https://www.10000recipe.com/recipe/7004853,순두부장 만들기,1020,97,64,42,"순두부, 진간장, 생수, 매실청, 설탕, 파, 마늘, 고추가루, 참기름, 통깨"
186,https://www.10000recipe.com/recipe/6847470,담백한 새우연두부달걀탕,620,15,70,30,"연두부, 새우, 달걀, 송송 썬 쪽파, 다시마, 간장"
187,https://www.10000recipe.com/recipe/7023485,고추장 냉이무침 입안에 봄이 가득 맛있는 냉이요리 냉이손질법 냉이나물,82.5,8.6,3.1,4.1,"냉이, 파, 소금, 고추장, 간장, 매실액, 식초, 마늘, 참기름, 통깨"
188,https://www.10000recipe.com/recipe/7020548,표고버섯꽈리고추볶음 장담합니다 앉은자리에서 뚝딱 사라지는 밑반찬,315,38,20,8,"표고버섯, 꽈리고추, 고추, 양파, 진간장, 참치액, 맛술, 마늘, 후추"
189,https://www.10000recipe.com/recipe/6916408,♥[신혼밥상] 10분 반찬! 메추리알조림,1230,64,74,77,"메추리알, 스팸, 청양고추, 올리고당, 마늘, 참기름, 통깨, 간장, 설탕, 맛술"
190,https://www.10000recipe.com/recipe/7004080,부추무침 부추겉절이 밑반찬,235.5,23.6,5.9,13.4,"부추, 액젓, 올리고당, 고춧가루, 양파, 국간장, 매실액, 깨, 들기름, 마늘"
191,https://www.10000recipe.com/recipe/6994439,두부조림보다 부드러운 매콤 순두부 요리,540,38,33,28,"순두부, 표고버섯, 양파, 파, 청양고추, 참기름, 통깨, 고추장, 고춧가루, 간장, 맛술, 설탕, 마늘"
192,https://www.10000recipe.com/recipe/6912739,아이반찬-얼갈이들깨무침,180,10,10,12,"얼갈이, 소금, 파, 들깨가루, 마늘, 소금, 들기름"
193,https://www.10000recipe.com/recipe/6932918,치킨너겟으로 만든 순살간장치킨 내 최애반찬♥,1200,144,72,36,"치킨 너겟, 설탕, 맛술, 매실액, 올리고당, 간장, 마늘"
194,https://www.10000recipe.com/recipe/6922190,치킨 스테이크 만들기ㅣ굽네가 부럽지 않은ㅣ,1040,16,104,60,"닭다리살, 쯔유, 소금, 올리고당, 마늘, 통후추, 올리브유"
195,https://www.10000recipe.com/recipe/7013057,몽글몽글 부드러운 순두부 계란국 끓이는법,1035,58,74,57,"순두부, 계란, 파, 양파, 국간장, 멸치 액젓, 마늘, 참기름, 후추"
196,https://www.10000recipe.com/recipe/6899265,해물찜처럼 맛있는 백종원 소시지콩나물찜,1430,116,64,82,"콩나물, 비엔나소세지, 파, 양파, 믈, 고추장, 고추가루, 간장, 설탕, 간마늘, 참기름"
197,https://www.10000recipe.com/recipe/6886034,쫀득쫀득 일본식 감자떡 '이모모찌' 만들기,780,120,15,25,"감자, 감자 전분, 소금, 간장, 올리고당, 맛술, 버터, 치즈"
198,https://www.10000recipe.com/recipe/6980900,오징어 간장조림 간단하지만 맛있다,345,15,30,18,"오징어, 꽈리고추, 식용유, 통깨, 식초, 진간장, 국간장, 설탕, 올리고당, 마늘, 참기름, 후추"
199,https://www.10000recipe.com/recipe/7033699,맑은 콩나물국 끓이는법/ 간단 콩나물국 레시피,215.4,29.1,17.1,2.7,"콩나물, 파, 고추, 마늘, 까나리액젓, 참치액, 코인 육수"
200,https://www.10000recipe.com/recipe/7043561,시금치 계란죽/든든한 한끼,450,45,20,20,"밥, 시금치, 쪽파, 계란, 참기름, 깨, 소금"
201,https://www.10000recipe.com/recipe/6952146,"쉽고 맛있는 ""돼지고기 짜글이"" 만들기",2480,156,160,140,"돼지고기 앞다리살, 감자, 양파, 당근, 애호박, 청양고추, 고추장, 마늘, 설탕, 진간장, 소금, 고춧가루, 식용유"
202,https://www.10000recipe.com/recipe/6898497,팽이버섯 베이컨 볶음,315,6,12,27,"팽이버섯, 베이컨, 파, 식용유, 버터, 굴소스"
203,https://www.10000recipe.com/recipe/6969724,일본가정식 이모모찌 (감자떡),1160,229,16,21,"감자, 전분, 우유, 식용유, 간장, 설탕, 맛술"
204,https://www.10000recipe.com/recipe/6871953,【스팸감자볶음만들기】,1165,92,27,78,"감자, 스팸, 양파, 진간장, 식용유, 참기름"
205,https://www.10000recipe.com/recipe/6930961,양배추 참치덮밥 /Cabbage tuna bowl of rice,715.6,97.6,31.9,22.6,"참치캔, 양배추, 양파, 파, 식용유, 쌀밥, 고춧가루, 고추장, 올리고당, 굴소스"
206,https://www.10000recipe.com/recipe/7041117,눈사람 함박스테이크 감자샐러드로 홈파티 음식 다진 돼지고기로 간단하게,2150,85,160,135,"돼지고기 다짐육, 소고기 다짐육, 양파, 빵가루, 간장, 케첩, 달걀, 소금, 후추, 양송이버섯, 양파, 버터, 간장, 설탕, 케첩, 감자, 마요네즈, 파마산치즈가루, 체다치즈, 김, 당근, 검은깨"
207,https://www.10000recipe.com/recipe/6863696,초간단 깻잎두부구이,45,1,2,4,"간장, 맛술, 참기름, 통깨, 깻잎"
208,https://www.10000recipe.com/recipe/7020260,아이들이 밥 두그릇씩 먹는 돼지고기 콩나물무침 만들어 봤어요.,540,18,38,35,"콩나물, 파, 돼지고기 다짐육, 굴소스, 스테비아, 참기름, 마늘"
209,https://www.10000recipe.com/recipe/6853446,오븐없이 만드는 갈릭버터치즈피자,1050,84,42,63,"또띠아, 버터, 마늘, 꿀, 모짜렐라 치즈"
210,https://www.10000recipe.com/recipe/6901939,<찌망 요리레시피> 간단한 청경채 된장무침!,52,6,2,2,"청경채, 된장, 참기름, 마늘, 깨, 소금"
211,https://www.10000recipe.com/recipe/7028555,훈제오리의 감칠맛 가득담은 오일파스타,650,45,35,35,"파스타, 훈제오리, 시금치, 페페론치노, 올리브유, 소금, 마늘, 진간장, 참치액젓, 설탕, 파마산치즈"
212,https://www.10000recipe.com/recipe/6884169,촉촉한 양배추에 닭가슴살+상큼 야채를 돌돌~담백하게 시작하는 일주일!닭가슴살 양배추말이,605,31,68,23,"양배추, 닭가슴살, 깻잎, 파프리카, 당근, 새송이버섯, 된장, 마요네즈, 참깨, 맛술, 설탕"
213,https://www.10000recipe.com/recipe/6919305,든든한 혼밥 돈까스김치나베,1025,58,63,60,"돈까스, 김치, , 고춧가루, 마늘, 국간장, 설탕, 맛술, 달걀"
214,https://www.10000recipe.com/recipe/6939082,면두부 새우오일파스타 다이어트에도 좋아요,350,10,25,20,"마늘, 새우, 올리브유, 소금, 후추"
215,https://www.10000recipe.com/recipe/7021091,다이어트 반찬 양배추크래미볶음,320,25,20,15,"양배추, 크래미, 당근, 간장, 마늘, 후추"
216,https://www.10000recipe.com/recipe/6980888,부추나물 [향긋한 부추로 만든 초간단 나물요리! 부추를 맛있게 많이 먹을 수 있는 영양 듬뿍 채소 반찬!],30,1,1,3,"부추, 마늘, 소금, 참기름, 깨"
217,https://www.10000recipe.com/recipe/6892728,간단한 한끼식사ㅡ 삼색소보로덮밥,1135,47,58,80,"김치, 계란, 스팸, 양파, 식용유, 올리고당, 참기름, 소금, 깨소금"
218,https://www.10000recipe.com/recipe/6918977,간단한 술안주로 최고인 버터갈릭새우 만들기,380,8,38,22,"새우, 버터, 올리고당, 마늘, 파슬리, 후추, 올리브유, 소금"
219,https://www.10000recipe.com/recipe/6925564,돌나물사과무침 l 아삭한 사과와 돌나물로 만든 간단 반찬 레시피 ★,150,20,5,7,"돌나물, 사과, 고추장, 고춧가루, 식초, 매실액, 참기름, 통깨"
220,https://www.10000recipe.com/recipe/6878340,단짠단짠의 대패덮밥,2360,32,160,180,"대패 삼겹살, 파, 설탕, 진간장"
221,https://www.10000recipe.com/recipe/6881806,모닝빵콘치즈 간단간식,1740,186,70,86,"모닝빵, 옥수수 콘, 마요네즈, 허니 머스터드, 후추, 모짜렐라 치즈"
222,https://www.10000recipe.com/recipe/6932924,최애반찬 소시지 감자조림,2150,123,70,160,"감자, 비엔나소세지, 청양고추, 식용유, 식초, 간장, 굴소스, 마늘, 맛술, 황설탕, 올리고당, 참기름, 후추, 깨소금"
223,https://www.10000recipe.com/recipe/7042375,김치콩나물죽..,540,92,27,6,"밥, 김치, 콩나물, 마늘, 새우젓, 고추가루, 파, 코인 육수, 사골곰탕"
224,https://www.10000recipe.com/recipe/6854230,떠먹는 떡꼬치 - 때론 떡피자 또는 떡꼬치 새콤 달콤,3150,540,105,75,"떡볶이떡, 양파, 파프리카, 체다치즈, 모짜렐라 치즈, 마요네즈, 고추장, 케찹, 간장, 설탕"
225,https://www.10000recipe.com/recipe/6920393,호두마늘볶음 만드는법- 딸에게# /수미네반찬,482,53,11,25,"마늘, 호두, 매실청, 꿀, 간장"
226,https://www.10000recipe.com/recipe/6875055,카레두부구이. 아이반찬으로 좋아요.,420,26,31,22,"두부, 카레가루, 부침가루, 계란"
227,https://www.10000recipe.com/recipe/6876875,영화속요리 10탄 줄리앤줄리아 속 크림소스 치킨스테이크,650,20,60,35,"닭가슴살, 올리브유, 파슬리, 양파, 버터, 우유, 전분가루, 소금, 후추"
228,https://www.10000recipe.com/recipe/6867650,다른 반찬이 필요없는 매운 어묵 비빔밥~*,520,23,18,38,"어묵, 땡초, 마늘, 고추장, 굴소스, 올리고당, 고춧가루, 후추, 통깨, 올리브유, 맛술, 참기름"
229,https://www.10000recipe.com/recipe/6831048,딸기잼 롤,620,78,15,28,"식빵, 딸기잼, 달걀, 슈가파우더, 버터"
230,https://www.10000recipe.com/recipe/7011422,시원하고 뜨끈한 황태뭇국 끓이기,1075,68,78,55,"황태포, 무, 계란, 파, 간장, 국간장, 참기름, 멸치액젓, 마늘"
231,https://www.10000recipe.com/recipe/7031635,라면보다 쉽게 육수없이 끓이는 [만둣국],1020,92,64,44,"냉동만두, 달걀, 양파, 파, 청양고추, 김가루, 간장, 참치액젓, 소금, 후추"
232,https://www.10000recipe.com/recipe/6989529,오징어무국 레시피,1025,33,94,59,"오징어, 무, 애호박, 청양고추, 들기름, 국간장, 고춧가루, 마늘, 액젓"
233,https://www.10000recipe.com/recipe/6854893,자꾸 손이가는 황태강정이 치킨강정같아요~ 황태강정,320,47,3,13,"황태채, 전분, 튀김기름, 고추장, 케첩, 핫소스, 청주, 매실청, 마늘"
234,https://www.10000recipe.com/recipe/6847506,건강 가지를 스테이크로 즐겨요.,420,38,8,28,"가지, 고추장, 마늘, 설탕, 올리고당, 참기름, 참깨"
235,https://www.10000recipe.com/recipe/7004934,스팸양배추볶음 스팸양배추덮밥레시피 다이어트레시피 식단관리,1025,33,47,80,"양배추, 스팸, 파, 식용유, 진간장, 올리고당, 참기름, 통깨"
236,https://www.10000recipe.com/recipe/6953539,"빵 대신 에그번 ♥ 햄버거로 다이어트 가능한 "" 달걀버거 "" 만들기",1020,18,72,75,"달걀, 슬라이스햄, 슬라이스치즈, 샐러드채소, 방울토마토, 소금, 식초, 스리라차소스"
237,https://www.10000recipe.com/recipe/6943349,★쫀득쫀득 새우어묵★ 새우와 야채만 들어간 새우어묵입니다~,540,68,40,6,"새우살, 당근, 매운고추, 전분, 소금, 후추"
238,https://www.10000recipe.com/recipe/7043912,브로콜리 두부 무침 맛있게 만드는 법,420,18,33,25,"브로콜리, 두부, 소금, 마늘, 국간장, 참치액, 참기름, 깨"
239,https://www.10000recipe.com/recipe/6890777,"매콤한 두부덮밥, 눈 깜짝할 새 완성되는 초간단 덮밥요리",540,38,24,33,"두부, 파, 통깨, 들기름, 고추장, 마늘, 올리고당, 맛술, 후추"
240,https://www.10000recipe.com/recipe/6909570,기름 없이 볶아 다이어트에 좋은 중국식 청경채 돼지볶음,624,47,41,30,"돼지 앞다리살, 청경채, 파프리카, 간장, 굴 소스, 올리고당, 마늘, 밀가루"
241,https://www.10000recipe.com/recipe/6954484,간단한 반찬 새우숙주볶음 맵지 않아서 아이들도 잘 먹어요.,1230,58,94,70,"숙주, 새우, 계란, 양파, 파, 식용유, 굴소스, 간장, 마늘, 참기름, 참깨, 맛술, 소금, 후추"
242,https://www.10000recipe.com/recipe/6868435,[간단 자취요리] 비주얼 끝장판!! 참치 스테이크 만들기,420,63,18,9,"참치캔, 부침가루, 양파, 당근, 소금"
243,https://www.10000recipe.com/recipe/6874866,특제소스로 만든 가지탕수 아이도 잘 먹어요!,632,123,14,11,"가지, 양파, 파프리카, 케첩, 굴소스, 설탕, 올리고당, 식초, 참기름, 통깨, 튀김가루"
244,https://www.10000recipe.com/recipe/6854799,닭가슴살 갈비구이,540,27,64,18,"닭가슴살, 파, 간장, 설탕, 참기름, 마늘, 꿀"
245,https://www.10000recipe.com/recipe/6933349,우리집 최애 반찬 마늘아몬드조림 레시피,315,19,8,24,"마늘, 아몬드, 통깨, 식용유, 간장"
246,https://www.10000recipe.com/recipe/6956266,500원 이면 밥한끼~ 뚝딱하는 팽이버섯조림~ 너무 맛있어용^^~,235,20,6,15,"팽이버섯, 청양고추, 식용유, 마늘, 고추가루, 설탕, 맛술, 진간장, 굴소스, 고추장, 된장"
247,https://www.10000recipe.com/recipe/7006126,두부면 명란 파스타,1120,33,85,75,"두부면, 명란, 냉동 새우, 마늘, 베이컨, 페페론치노, 파슬리, 후추, 치즈가루루, 쪽파, 올리브유"
248,https://www.10000recipe.com/recipe/7042253,들기름 두부구이 두부부침 양념장 레시피,540,19.5,38.5,35.5,"두부, 들기름, 소금, 후, 진간장, 맛술, 참기름, 통깨, 파, 마늘, 설탕"
249,https://www.10000recipe.com/recipe/6852019,가지등심카나페,1120,33,85,75,"가지, 소고기등심, 새싹채소, 소금, 후추, 올리브유, 간장, 올리고당, 레몬즙, 마늘, 청양고추"
250,https://www.10000recipe.com/recipe/6850385,항정살 된장구이 쌈 아니고 샐러드로 품격있게!,1040,68,68,56,"항정살, 양상추, 된장, 간장, 맛술, 올리고당, 설탕, 마늘, 참기름, 후추"
251,https://www.10000recipe.com/recipe/6892442,초간단 밑반찬 파프리카버섯볶음 굴소스가 포인트,315,23,6,23,"파프리카카, 느타리버섯, 파, 올리브유, 굴소스, 깨"
252,https://www.10000recipe.com/recipe/6910228,배추나물 무침 만드는법 다이어트 반찬,123,7,6,8,"속배추, 소금, 국간장, 참기름, 참깨"
253,https://www.10000recipe.com/recipe/7010976,새송이버섯소고기볶음 끼니마다 가족들이 이것만 찾아요~ ‼️,540,27,45,27,"새송이버섯, 국거리소고기, 양파, 파, 청양고추, 진간장, 참기름, 참치액젓, 설탕엿, 후추, 마늘"
254,https://www.10000recipe.com/recipe/7013219,초간단 오이만 있으면 완성~ 깨소금오이샐러드,82,5,2,7,"오이, 깨소금, 소금, 참기름, 고춧가루, 후추"
255,https://www.10000recipe.com/recipe/6977567,"삼치조림 [전분 묻혀 구운 삼치에 간장양념으로 감칠맛 더한 조림요리! 밥반찬, 술안주 다 잘 어울려요!]",1024,47,94,50,"삼치, 파, 고추, 청고추, 마늘, 전분가루, 진간장, 굴소스, 맛술, 설탕, 참기름, 깨"
256,https://www.10000recipe.com/recipe/6883649,비엔나 소세지강정 간단하게 만들어 먹기 좋아요 ♪,1020,17,44,86,"비엔나 소세지, 견과류, 식용유, 설탕, 진간장, 케찹, 마늘, 올리고당"
257,https://www.10000recipe.com/recipe/6842456,갈릭 닭가슴살버섯볶음,825,38,108,27,"닭가슴살, 새송이버섯, 올리브유, 간장엿, 마늘, 설탕, 바질"
258,https://www.10000recipe.com/recipe/6900601,톡톡 터지는 고소함!콘치즈파이 초간단 레시피,1050,126,33,48,"식빵, 설탕, 캔옥수수, 마요네즈, 모짜렐라 치즈"
259,https://www.10000recipe.com/recipe/6892715,저녁반찬 없을때 후다닥 참치감자조림,715,84,41,25,"참치, 감자 , 양파, 파, 청양고추매콤하게 먹고싶으면, 고추장, 고춧가루, 간장, 마늘, 설탕, 후추"
260,https://www.10000recipe.com/recipe/6913489,에어프라이어 콘치즈 토스트 만들기!중독성 강하네요!,210,33,4,7,"식빵, 캔옥수수, 설탕, 마요네즈, 파슬리"
261,https://www.10000recipe.com/recipe/6904344,돼지목살꼬치 아이간식과 남편 술안주로 딱이야~,1020,13.5,78,72,"돼지고기 목살, 후추, 돈가스 소스, 굴소스, 설탕, 맛술"
262,https://www.10000recipe.com/recipe/6886281,"[얌무진 레시피] 쫀득쫀득, 바삭, 달콤! 떡 맛탕 만들기",1040,256,2,0,"가래떡, 설탕, 올리고당, 간장"
263,https://www.10000recipe.com/recipe/6929388,♥[신혼밥상] 5분 반찬 상추겉절이,110,8,4,7,"상추, 고춧가루, 마늘, 간장, 설탕, 식초, 참기름, 통깨"
264,https://www.10000recipe.com/recipe/6867358,고구마 닭볶음 단짠의 케미 맥주안주!,615,92,38,10,"닭다리살, 고구마, 브로콜리, 미니파프리카, 간장, 올리고당, 맛술, 마늘, 후추"
265,https://www.10000recipe.com/recipe/6831990,부추베이컨말이,238,3,16,18,"부추, 베이컨"
266,https://www.10000recipe.com/recipe/7003388,마지막 묵은지 털어 끓인 김치 콩나물국..,320,38,25,8,"묵은지, 콩나물, 청양고추, 파, 코인 육수, 국간장, 참치액, 소금, 고춧가루, 다시다"
267,https://www.10000recipe.com/recipe/7034909,떡없는 매콤한 넙적당면볶이,1340,268,48,10,"넙적당면, 매실청, 케찹, 굴소스, 간장, 설탕, 고추장, 불닭소스, 어묵, 파"
268,https://www.10000recipe.com/recipe/6912539,에어프라이어 소시지 피자,1120,18,64,88,"후랑크 소세지, 모짜렐라 치즈, 양파, 소금, 후추, 케첩, 머스타드소스, 파슬리"
269,https://www.10000recipe.com/recipe/6886567,딱 10분이면 완성! 초간단 애호박덮밥,540,85,10,18,"밥, 애호박, 양파, 기름, 고추기름, 파, 참기름, 고춧가루, 고추장, 간장, 굴소스, 마늘, 후추"
270,https://www.10000recipe.com/recipe/7003814,빨주노 삼색 파프리카 애호박 구이 파프리카 양념장 만들기,187,17,4,12,"애호박, 파프리카, 간장, 들기름, 마늘, 설탕, 통깨"
271,https://www.10000recipe.com/recipe/7044546,소고기 야채찜 만들기 소고기알배추찜 참소스 레시피,1050,38,94,60,"소고기, 숙주, 알배추, 팽이버섯, 느타리버섯, 간장, 설탕, 식초, 참기름, 통깨"
272,https://www.10000recipe.com/recipe/6897704,"카라멜 입힌 식빵팝콘 레시피, 홈극장 별미",1160,158,20,48,"식빵, 설탕, 우유, 버터"
273,https://www.10000recipe.com/recipe/6887603,【우리집 인기반찬】 맛보장 통오징어 양념구이 진짜 맛있어요 ! (밥안먹는 4살 아이 반찬 & 술안주),320,16,25,15,"오징어, 맛술, 진간장, 올리고당, 고추장, 올리브유, 마늘, 참기름"
274,https://www.10000recipe.com/recipe/6935331,삼겹깐풍덮밥 : 비 오는 날에 생각나는 삼겹살!!!! 실패없는 깐풍소스로 덮밥만들기 ♥,1870,74,108,132,"삽겹살, 고추, 청양고추, 양파, 쪽파, 마늘,  생강, 밥, 식용유, 간장, 식초, 설탕, 후추"
275,https://www.10000recipe.com/recipe/6860385,노오븐 베이킹/햄치즈빵 : 간단한 간식 만들기,1200,120,60,50,"모닝빵, 햄, 모짜렐라 치즈큰, 옥수수콘큰"
276,https://www.10000recipe.com/recipe/6916655,매콤 바삭 달콤 고등어 강정,614,19,45,40,"고등어, 녹말가루, 마늘, 청양고추, 양파, 참기름, 식용유, 간장, 올리고당, 굴소스, 꿀"
277,https://www.10000recipe.com/recipe/6891556,스팸 양파덮밥/스팸 돈부리,540,33,24,33,"양파, 스팸, 계란, 마늘, 파, 참깨, 간장, 설탕, 맛술"
278,https://www.10000recipe.com/recipe/6910384,매운맛 쏙 마늘 꿀조림 만들기,104,26,2,0,"간장, 꿀, 맛술, 마늘"
279,https://www.10000recipe.com/recipe/7044122,돌자반,1040,33,3,102,"돌자반, 식용유, 참기름, 설탕, 맛소금, 통깨"
280,https://www.10000recipe.com/recipe/6847884,[반찬] 숙주새우달걀볶음,unknown,unknown,unknown,unknown,"숙주, 달걀, 새우, 양파, 청양고추, 쪽파, 굴소스, 간장, 마늘, 참기름, 후추, 통깨, 청주, 소금, 후추"
281,https://www.10000recipe.com/recipe/7043964,초간단 케일쌈밥,315,47,7,11,"케일, 밥, 참기름, 소금, 매운 쌈장, 깨"
282,https://www.10000recipe.com/recipe/6828951,대패삼겹살 영양부추 샐러드,120,18,4,4,"양파, 영양부추, 간장, 식초, 참기름, 마늘, 설탕, 고춧가루, 소금, 후추"
283,https://www.10000recipe.com/recipe/6994661,"파티에 로스트치킨이 빠질 수 없지, 에어프라이어 카레닭봉구이",2380,53.5,160,175,"닭봉, 우유, 카레가루, 소금, 맛술엿, 홀그레인머스터드, 마늘, 올리브유, 후추"
284,https://www.10000recipe.com/recipe/6836906,비스켓,1560,214,18,72,"밀가루박력분, 설탕, 소금, 무염버터, 우유, 베이킹파우더, 딸기잼"
285,https://www.10000recipe.com/recipe/6854979,소고기두부볶음 - 아이들 반찬/이유식 반찬으로도 최고죠~옛생각이 절로...,1025,13.5,85.6,69.8,"두부, 소고기, 소고기, 맛술, 간장, 설탕, 참기름, 마늘, 파, 후추, 들기름, 올리브유"
286,https://www.10000recipe.com/recipe/6866122,봄동 된장무침,360,45,18,12,"봄동,  파, 마늘, 된장, 고추장, 매실액, 참기름, 통깨, 소금"
287,https://www.10000recipe.com/recipe/6844877,양파알새우덮밥만들기,215,18,15,8,"알새우, 양파, 간장, 매실액, 올리고당, 맛술, 고춧가루, 마늘, 참기름, 통깨, 파"
288,https://www.10000recipe.com/recipe/6880679,밥상 디톡스 브로콜리 마늘 볶음/해독 밥상/야채 마늘 볶음,186,15,4,14,"브로콜리, 마늘, 소금, 올리브유, 후추"
289,https://www.10000recipe.com/recipe/7001408,두부볶음 만들기 두부로 이렇게 맛있는 음식이 가능?,420,15,33,27,"두부, 고추장, 마늘, 굴소스, 진간장, 올리고당, 참기름, 깨소금"
290,https://www.10000recipe.com/recipe/7040730,콩나물 깻잎 무침 만드는법 깻잎 요리 콩나물요리,625,70,30,25,"콩나물, 깻잎, 파, 간장, 고춧가루, 마늘, 참기름, 통깨"
291,https://www.10000recipe.com/recipe/6874797,"마늘조림, 건강한 밑반찬 애들이 더 좋아해요 ~",215,13,3,17,"마늘, 식용유, 간장, 꿀, 참기름, 통깨"
292,https://www.10000recipe.com/recipe/7043537,삼치조림,1050,58,116,39,"삼치, 무, 양파, 고춧가루, 간장, 후추, 설탕, 고추장, 조미료, 마늘, 파"
293,https://www.10000recipe.com/recipe/6968567,팽이버섯말이 만들기 실패없는 베이컨말이 레시피,320,6,18,25,"팽이버섯, 베이컨, 후추, 식용유"
294,https://www.10000recipe.com/recipe/6842114,"팽이버섯덮밥:초초초간단 그러나, 더 없이 훌륭한 한끼",620,27,31,43,"팽이버섯, 양파, 파, 계란, 참기름, 통깨, 식용유, 후추, 진간장, 맛술"
295,https://www.10000recipe.com/recipe/7038574,새우 애호박볶음 간단하게 만드는 애호박나물볶음요리 레시피 아이 반찬,315,16,17,21,"애호박, 양파, 당근, 새우살, 마늘, 소금, 참치액, 식용유"
296,https://www.10000recipe.com/recipe/6860598,또띠아마늘칩 -10분이면 가능 또띠아칩 #간단간식,315,41,3,16,"또띠아, 버터, 마늘, 파슬리, 꿀"
297,https://www.10000recipe.com/recipe/6978052,"[아기식단/아기반찬] ""홍양갱의 밤 - 우리아기 밥도둑 애호박 느타리버섯볶음""",78,7,3,5,"느타리버섯, 애호박, 양파, 참기름, 깨소금"
298,https://www.10000recipe.com/recipe/6983253,포만감 가득 다이어트 양배추오믈렛,715,33,41,47,"계란, 양배추, 감자, 슬라이스치즈, 양파, 베이컨, 소금, 토마토소스"
299,https://www.10000recipe.com/recipe/6898369,고소함이 남다른 백종원 '들기름계란후라이'초간단 레시피,561,8,29,46,"계란, 들기름, 파, 국간장, 통깨"
300,https://www.10000recipe.com/recipe/6841156,"다이어트를 결심한 당신에게, “닭가슴살 부추냉채무침”",1035,123,108,12,"닭가슴살, 부추, 파프리카, 오이, 양파, 당근, 마늘, 설탕, 매실청, 간장, 식초, 연겨자, 레몬"
301,https://www.10000recipe.com/recipe/6867736,[간단 자취요리] 혼술 안주 생성! 닭꼬치 만들기,320,16,30,15,"닭고기, 파, 간장, 후추, 간장, 굴소스, 설탕, 마늘"
302,https://www.10000recipe.com/recipe/6998777,섬초고추장무침 달큰달큰~,1020,144,24,42,"섬초, 고추장, 마늘, 소금, 깨, 참기름"
303,https://www.10000recipe.com/recipe/6868392,부추스팸덮밥. 냉장고 파먹기. 초간단덮밥요리. 혼밥요리.,1020,24,78,69,"스팸, 부추, 간장, 고춧가루, 설탕, 굴소스, 마늘, 청양고추, 참기름, 깨"
304,https://www.10000recipe.com/recipe/6891823,여름에 잘 어울리는 미역초샐러드! 와사비 넣어 더 상큼하게,350,35,25,12,"미역, 오이, 양파, 통깨, 간장, 식초, 설탕, 와사비, 새우, 맛술, 해물믹스"
305,https://www.10000recipe.com/recipe/6835071,깐풍만두 전분가루 없이도 맛있는 소스만들기,1250,215,50,20,"만두, 간장, 식초, 맛술술, 굴소스, 설탕, 마늘"
306,https://www.10000recipe.com/recipe/6867306,부드럽고 먹기 좋은 닭다리살 치즈밥,1230,97.5,85.5,55.5,"닭다리살, 밥, 모짜렐라 치즈, 양파, 파, 간장, 올리고당, 맛술, 참기름, 케찹, 고추장, 마늘, 후추"
307,https://www.10000recipe.com/recipe/6865340,[간단 자취요리] 몽쉘로 쫀득쫀득 컵브라우니 만들기!,300,30,15,12,"우유, 초콜릿"
308,https://www.10000recipe.com/recipe/7031591,쟁반막국수..,1120,186,38,26,"메밀면, 양파, 상추, 오이, 양배추, 조미김, 고추가루, 설탕, 식초, 진간장, 마늘, 고추장, 연겨자, 통깨"
309,https://www.10000recipe.com/recipe/6872474,새우요리 갈릭마요새우~ 요거 완전 맛있지~,540,10,30,40,"새우, 마요네즈, 마늘, 설탕, 후추, 소금"
310,https://www.10000recipe.com/recipe/6989786,순두부조림 순두부가 순식간에 사라지는,1870,68,123,130,"순두부, 돼지고기, 양파, 파, 당근, 고추, 참기름, 통깨, 맛술, 고추장, 고춧가루, 진간장, 된장, 마늘, 설탕"
311,https://www.10000recipe.com/recipe/6879543,[간단 자취요리] 두부를 쫄깃한 고기식감으로 만들기! 두부탕수 만들기,450,90,15,5,"두부, 식초, 간장, 설탕, 굴소스, 전분"
312,https://www.10000recipe.com/recipe/7008869,두부 양배추 들깨 볶음밥,320,18,24,18,"두부, 양배추, 마늘, 매운 고추, 쪽파, 깨, 들깨가루, 간장, 굴소스, 참기름, 후추"
313,https://www.10000recipe.com/recipe/4197710,느끼함은 잠시 접어둔 담백한 참치까스,1010,23,108,54,"참치, 양파, 당근, 파, 계란, 마늘, 후추, 소금"
314,https://www.10000recipe.com/recipe/6832044,"여름엔 진리, ""참치오이롤초밥""♪",1025,123,47,40,"오이, 밥, 참치, 양파, 마요네즈, 설탕, 소금, 깨"
315,https://www.10000recipe.com/recipe/6874871,간단 반찬-아이 반찬으로 좋은 감자볶음,1025,157,15,39,"감자, 양파, 굴소스, 진간장, 설탕, 올리고당, 식용유, 마늘, 통깨"
316,https://www.10000recipe.com/recipe/6839363,게살 텐신항:중국식?일본식? 어쨌든 초간단! 계란덮밥,1025,108,41,48,"밥, 진간장, 굴소스, 맛술, 전분, 식초, 계란, 맛살, 파, 소금, 식용유"
317,https://www.10000recipe.com/recipe/7022304,모짜렐라 치즈 감자채전 만들기 간단한 맥주 안주 감자전,4260,270,240,240,"감자, 모짜렐라 치즈, 청양고추"
318,https://www.10000recipe.com/recipe/6922734,하찮은 냉동미니돈까스에서 고오급 난자완스 만들기,1150,45,69,80,"돈까스, 고추장, 케첩, 간장, 올리고당, 마늘, 참기름"
319,https://www.10000recipe.com/recipe/6895266,No밀가루!속이 편안 밥피자 만들기,1025,78,47,60,"밥, 계란, 버터, 양파, 피망, 햄, 모짜렐라 치즈, 파슬리, 토마토소소스"
320,https://www.10000recipe.com/recipe/6857631,표고버섯달걀죽 - 아침식사로 좋으네 달걀죽,1025,123,53,37,"표고버섯, 달걀, 밥, 멸치육수, 참기름, 국간장, 소금"
321,https://www.10000recipe.com/recipe/7014721,참치 무 조림 만드는 법 무 요리 참치캔 요리,1025,64,94,42,"무, 참치캔, 간장, 참치액젓, 고춧가루, 매실액, 올리고당, 맛술, 마늘, 후추"
322,https://www.10000recipe.com/recipe/7021205,소고기당면전골 레시피,1230,68,108,58,"소고기, 느타리버섯, 청양고추, 콩나물, 팽이버섯, 당면, 고추장, 고춧가루, 국간장, 액젓, 마늘, 후추"
323,https://www.10000recipe.com/recipe/6882435,"당신의 다이어트를 책임져줄, 닭가슴살 고구마 볶음",780,90,70,15,"닭가슴살, 고구마, 파, 간장, 마늘, 후추, 설탕, 올리고당, 맛술, 참기름, 검은깨"
324,https://www.10000recipe.com/recipe/6998798,닭가슴살 쌈장 만드는 법 상추 쌈밥 도시락,415,45,25,15,"밥, 상추, 참기름, 통깨, 소금, 식용유, 닭가슴살, 고추장, 된장, 청주, 마늘, 올리고당, 후추"
325,https://www.10000recipe.com/recipe/7039850,깐풍만두 깐풍소스 만드는법,2150,238,52,116,"고향 만두, 파, 양파, 고추, 청양고추, 식용유, 설탕, 식초, 진간장, 굴소스, 케첩, 마늘"
326,https://www.10000recipe.com/recipe/7029684,바삭바삭하고 촉촉한 감자치즈전,1040,144,52,32,"감자, 토마토, 전분, 모짜렐라 치즈, 소금, 후추"
327,https://www.10000recipe.com/recipe/7005355,어니언링 만들기 겉은 바삭하고 양파는 촉촉해요!,1740,166,57,99,"양파, 달걀, 튀김가루, 빵가루, 파슬리, 식용유"
328,https://www.10000recipe.com/recipe/7017631,쫀득해서 계속 손이 가는 고구마맛탕쿠키,385,70,11,7,"고구마, 달걀, 꿀, 전분가루, 검은깨"
329,https://www.10000recipe.com/recipe/6918300,오늘 저녁은 채식위주로??? 에어프라이어표 버섯채소구이 ★,315,23,4,24,"새송이버섯, 양송이버섯, 파프리카, 양파, 가지, 애호박, 소금, 후추, 올리브유"
330,https://www.10000recipe.com/recipe/6953644,초간단 요리 다이어트 레시피 닭가슴살 양배추 덮밥,315,10,38,14,"닭가슴살, 양배추, 파, 올리브유, 고추기름, 굴소스, 후추"
331,https://www.10000recipe.com/recipe/6875696,참치 맛 가루 (후리 가케),315,8,36,15,"참치 캔, 간장, 맛술, 설탕"
332,https://www.10000recipe.com/recipe/6913806,♥[신혼밥상] 닭가슴살양배추말이,540,45,60,10,"닭가슴살, 양배추, 당근, 오이, 칠리소스"
333,https://www.10000recipe.com/recipe/6922742,다이어터들의 영양간식!두부참치스테이크 만들기!,1065,74,97,41,"두부, 참치, 파, 달걀, 소금, 후추, 부침가루"
334,https://www.10000recipe.com/recipe/6857754,새우 is 뭔들~ 카레버터새우볶음,345,15,20,22,"새우, 양파, 당근, 마늘, 청양고추, 식용유, 버터, 카레가루, 후추, 소금, 청주, 소금, 후추"
335,https://www.10000recipe.com/recipe/6924357,매콤하게 사랑받는 삼겹살 강정,1650,97,85,110,"돼지고기, 부침가루, 튀김가루, 식용유, 케첩, 고추장, 설탕, 마늘, 올리고당, 간장"
336,https://www.10000recipe.com/recipe/6893218,혼밥도 즐겁게! 버터갈릭새우,315,6,23,22,"칵테일새우, 버터, 마늘, 파슬리, 꿀, 소금"
337,https://www.10000recipe.com/recipe/6843348,돼지고기마늘조림 # 밥위에 쓱쓱,1120,27,92,70,"돼지고기 앞다리살, 마늘, 청주, 생강가루, 허브소금, 깨, 간장, 설탕, 올리고당, 마늘, 굴소스, 맛술, 참기름"
338,https://www.10000recipe.com/recipe/6855421,계란덮밥- 아이가 좋아하는 연두부와 달걀의 만남 부드러운 계란덮밥,780,9,56,58,"계란, 연두부, 치즈, 소금, 들기름, 후추"
339,https://www.10000recipe.com/recipe/7027944,특별하게 넣은것 없는데 맛있는 표고버섯볶음 레시피,292,10,6,26,"표고버섯, 마늘, 식용유, 참기름, 파, 깨, 소금"
340,https://www.10000recipe.com/recipe/6949579,다이어트 할 때 저탄고단 고소한 '두부밥',285,36,17,7,"두부, 계란, 밥"
341,https://www.10000recipe.com/recipe/6739157,차돌박이 파스타,1125,68,90,54,"차돌박이, 양파, 청량고추, 고추, 마늘, 간장, 굴소스, 맛술, 마늘, 후추"
342,https://www.10000recipe.com/recipe/7014837,맑은 감자계란국 끓이는법 아기계란국,1025,77,70,52,"감자, 계란, 파, 참치액, 국간장, 소금, 육수"
343,https://www.10000recipe.com/recipe/7015067,다이어트 양배추 참치 덮밥 만들기 낮은 칼로리로 맛있는 한 끼,415,53,27,9,"통조림 참치, 현미밥, 양배추, 양파, 당근, 진간장, 굴 소스, 맛술, 후추"
344,https://www.10000recipe.com/recipe/7043480,최화정 시금치 키쉬/단백질 폭탄 레시피,1025,45,68,65,"또띠아, 계란, 소금, 파프리카, 리코타치즈, 시금치, 모짜렐라 치즈"
345,https://www.10000recipe.com/recipe/6871815,초 간단 계란 초,216,7,14,15,"계란, 오이, 당근, 초고추장, 통깨"
346,https://www.10000recipe.com/recipe/6907712,나시고랭 :)숙주로 간단한 나시고랭 볶음밥,1345,169.5,59.5,45.5,"마늘, 올리브유, 숙주, 밥, 계란, 파, 칵테일새우, 간장, 굴소스, 맛술, 후추, 설탕"
347,https://www.10000recipe.com/recipe/6841290,[No.1 감자새우덮밥] 고급스러운 중식덮밥,315,38,15,11,"칵테일새우, 감자, 고추또는 쪽파, 굴소스, 간장, 마늘, 들기름, 청주, 후추, 설탕, 전분"
348,https://www.10000recipe.com/recipe/7007929,오이 볶음 오이소고기볶음 소고기오이볶음 오이 반찬 여름 반찬,315,10,23,20,"​오이, 소금, 소고기, ​파, 설탕, 진간장, 맛술, 후추, ​식용유, 마늘, 참기름, 통깨"
349,https://www.10000recipe.com/recipe/6985504,10분요리) 양배추베이컨볶음!,320,12,18,22,"양배추, 마늘, 파, 베이컨, 맛술, 후추, 진간장, 굴소스, 통깨"
350,https://www.10000recipe.com/recipe/6837731,굴소스카레볶은밥,210,15,12,10,"양파, 당근, 호박, 청양고추, 햄, 계란, 굴소스, 카레"
351,https://www.10000recipe.com/recipe/6952367,다이어트식단~브로콜리 당근 닭가슴살 스크램블!,620,15,80,28,"닭가슴살, 당근, 브로콜리, 계란, 소금, 올리브유"
352,https://www.10000recipe.com/recipe/6920397,"#간단한반찬, 고소함 터지는 들깨두부볶음",315,12,20,21,"두부, 들기름, 마늘, 간장, 매실청, 들깨가루"
353,https://www.10000recipe.com/recipe/7041518,야옹킷친) 밥 비벼 먹기 좋은 참치 두부조림,780,45,70,35,"두부, 양파, 파, 참치, 간장, 설탕, 맛술, 고추장, 고추가루, 참치액, 굴소스, 마늘, 후추"
354,https://www.10000recipe.com/recipe/6844208,다이어트 할때는 닭가슴살 깻잎볶음 .,615,31,78,18,"닭가슴살, 양파, 깻잎, 간장, 맛술, 마늘, 후추, 설탕, 참기름"
355,https://www.10000recipe.com/recipe/6914310,연두부와 어린새싹,320,10,15,25,"연두부, 어린 새싹, 진간장, 올리브유, 식초, 설탕, 레몬즙, 참기름, 마늘, 깨소금"
356,https://www.10000recipe.com/recipe/6835355,몬테크리스토,1740,144,88,96,"식빵, 슬라이스치즈, 슬라이스햄, 달걀, 머스타드, 딸기쨈"
357,https://www.10000recipe.com/recipe/6904793,"[핑거푸드] 다이어트에도 좋은 ""파프리카 계란찜""♪",268,15,18,16,"계란, 파프리카, 애호박, 당근, 파, 소금"
358,https://www.10000recipe.com/recipe/6992061,"맛없으면 이상한 볶음밥, 버터만두볶음밥",1250,140,40,60,"밥, 만두, 마늘, 파, 굴소스, 참기름, 버터, 후추, 식용유, 계란란"
359,https://www.10000recipe.com/recipe/7009401,팽이버섯 파 계란국 레시피,320,10,30,15,"계란, 팽이버섯, 국물용 멸치, 파, 후추, 소금, 국간장"
360,https://www.10000recipe.com/recipe/6948138,닭가슴살 고구마볶음 만들기,1035,94,116,19,"고구마, 닭가슴살, 양파, 파, 고추, 간장, 굴소스, 마늘, 깨, 참기름"
361,https://www.10000recipe.com/recipe/6829153,일본식 두부 덮밥 두부 소보로동 만들기,315,15,24,18,"두부, 간장, 설탕, 맛술, 생강, 후추, 참기름, 파"
362,https://www.10000recipe.com/recipe/6907784,에어프라이어 깐풍만두 만들기,1230,191,58,27,"만두, 간장, 올리고 당, 설탕, 식초, 마늘, 파, 고추, 후추"
363,https://www.10000recipe.com/recipe/6899340,미니 새송이버섯 조림,215,18,6,14,"새송이버섯, 마늘, 양파, 청양고추, 간장, 굴소스, 요리당, 참기름, 통깨"
364,https://www.10000recipe.com/recipe/6880341,참치 감자 조림,1025,108,78,33,"감자, 참치캔, 양파, 파, 청양고추, 코인 육수, 고추장, 간장, 고춧가루, 마늘, 설탕, 후추"
365,https://www.10000recipe.com/recipe/6894872,냉파요리로 좋은 5분완성 떠먹는 컵피자 만들기,540,70,23,19,"식빵, 양파, 슬라이스 햄, 옥수수 캔캔, 모짜렐라 치즈, 파슬리, 토마토 스파게티 소스"
366,https://www.10000recipe.com/recipe/6984865,[유아식]당면을 넣어 만든 달걀만두,320,24,14,18,"당면, 양파, 애호박, 당근, 팽이버섯, 달걀, 아기 간장, 참기름, 소금, 현미유"
367,https://www.10000recipe.com/recipe/6862339,두부시금치무침 이 레시피가 제일 맛있네요,420,20,30,25,"시금치, 두부, 간장, 참기름, 깨소금, 설탕, 소금"
368,https://www.10000recipe.com/recipe/6894538,바쁜 아침 5분 뚝딱 !맛보장 '참치계란간장밥'레시피,774,77,38,33,"밥, 계란, 참치, 파, 간장, 참기름, 깨"
369,https://www.10000recipe.com/recipe/6904080,모양까지 예쁜 핑거푸드[양송이버섯 타파스],420,15,60,15,"양송이버섯, 닭가슴살, 양파, 파프리카, 치즈, 후추"
370,https://www.10000recipe.com/recipe/6902300,중식의 대가 이연복 쉐프 깐풍만두 초간단 레시피,1020,186,40,10,"만두, 파, 청양고추, 마늘, 간장, 설탕, 식초, 후추"
371,https://www.10000recipe.com/recipe/7004654,매콤새콤 입맛을 확 잡아주는 차돌박이부추무침,540,23,33,35,"차돌박이, 부추, 양파, 고추, 통깨, 소금, 후추, 고춧가루, 간장, 식초, 매실액, 들기름"
372,https://www.10000recipe.com/recipe/6904864,치즈덕후 설레는 치즈폭발 '갈릭치즈 토스트'간식 만들기,1040,78,44,64,"식빵, 체다치즈, 모짜렐라 치즈, 버터, 마늘, 설탕, 파슬리"
373,https://www.10000recipe.com/recipe/6975041,빨간어묵 매콤~~하니 자꾸만 먹게되네?,1040,47,68,63,"어묵, 멸치육수, 계란 노른자, 고추장, 고춧가루, 진간장, 올리고당, 설탕, 맛술, 마늘, 후추, 참치액젓"
374,https://www.10000recipe.com/recipe/6922432,비스퀵 l 할아버지 버거집에서만 팔았던 KFC비스켓 ★,1062,141,17,49,"박력분, 베이킹파우더, 설탕, 소금, 버터, 우유"
375,https://www.10000recipe.com/recipe/6831876,다이어트요리 두부카레볶음밥,460,15,33,30,"두부, 계란, 우유, 부추, 카레가루, 소금"
376,https://www.10000recipe.com/recipe/6899367,녹네 녹아.. 전자렌지 1분 30초 컷. 고소 짭짤 수란마요밥 만들기,231,2,7,21,"달걀, 마요네즈, 굴소스, 참기름"
377,https://www.10000recipe.com/recipe/4145941,치즈 웨지 감자,1420,78,68,94,"감자, 슬라이스치즈, 우유, 베이컨, 마늘, 우유, 치즈, 베이컨"
378,https://www.10000recipe.com/recipe/6926078,♥[신혼밥상] 아몬드초코칩쿠기,1345,116,31,88,"박력분, 코코아파우더, 아몬드 슬라이스, 무염버터, 설탕, 달걀노른자, 바닐라에센스"
379,https://www.10000recipe.com/recipe/6927971,매운 팽이버섯 조림 간단 반찬/술안주/맥주안주/소주안주 굿굿!!,78.5,15.5,4.5,0.5,"팽이버섯, 고추장, 진간장, 설탕, 마늘"
380,https://www.10000recipe.com/recipe/1135209,<호두비스킷> 재료가 딱 4가지~~너무 쉬운 베이킹~~^^,515,38,16,33,"호두, 달걀 흰자, 설탕, 밀가루"
381,https://www.10000recipe.com/recipe/6910980,카페 부럽지 않은 '베이컨에그토스트'!식빵으로 쉽게 만들기!,1020,84,52,54,"식빵, 베이컨, 계란, 슬라이스치즈, 파슬리, 딸기잼"
382,https://www.10000recipe.com/recipe/6890570,새우굴소스파스타,1025,78,45,62,"파스타, 청양고추, 마늘, 버터, 새우, 파마산치즈, 올리브유유, 소금, 굴소스"
383,https://www.10000recipe.com/recipe/6909721,초간단 밥도둑 반찬! '깻잎스팸전'황금 레시피,1020,38,73,67,"스팸, 계란, 깻잎, 밀가루"
384,https://www.10000recipe.com/recipe/6930572,비건베이킹인데 너무 맛있는 감자 크래커!,1065,207,15,25,"박력분, 소금, 설탕, 식용유유, 감자, 설탕"
385,https://www.10000recipe.com/recipe/6904643,"고깃집 무초절임, 밥상을 든든히 채워주는 밑반찬",1045,261,1,0,"무, 식초, 설탕, 소금"
386,https://www.10000recipe.com/recipe/6955759,닭안심냉채,1050,97,84,36,"닭안심, 양파, 당근, 파프리카, 오이, 간장, 연겨자, 식초, 레몬즙, 마늘, 설탕, 매실청, 소금"
387,https://www.10000recipe.com/recipe/6887551,베이컨치즈 밥말이,1440,96,72,88,"밥, 베이컨, 후추, 소금, 참기름, 깨, 슬라이스 치즈"
388,https://www.10000recipe.com/recipe/6831988,"견과류 듬뿍 넣은 쫄깃,달콤함 ""두부강정""♪",1120,68,68,68,"두부, 양파, 당근, 아몬드, 호두, 케찹, 고추장, 간장, 마늘, 올리고당, 설탕"
389,https://www.10000recipe.com/recipe/6842280,연두부 샐러드,320,20,15,20,"연두부, 어린잎채소, 파프리카, 양파, 간장, 식초, 설탕, 마늘, 참기름, 통깨"
390,https://www.10000recipe.com/recipe/4803252,버섯 들깨소스 무침,320,18,12,24,"느타리버섯, 표고버섯, 쪽파, 들깨가루, 멸치액젓, 설탕, 들기름"
391,https://www.10000recipe.com/recipe/6965550,초간단 굴소스 두부덮밥,540,63,20,23,"두부, 양파, 파, 식용유, 밥, 마늘, 굴소스, 간장, 올리고당, 후추, 참기름, 참깨"
392,https://www.10000recipe.com/recipe/6885808,브로콜리참치전,415,26,38,17,"브로콜리, 참치, 양파, 달걀, 부침가루, 파프리카, 소금, 후추"
393,https://www.10000recipe.com/recipe/6863792,[간단 자취요리] 닭가슴살캔으로 치즈 불닭 만들기 / 혼술안주,540,60,50,10,"닭가슴살, 양파, 양배추, 고추장, 고춧가루, 간장, 설탕, 마늘"
394,https://www.10000recipe.com/recipe/6948579,짭조름하고 쫀득쫀득한 새송이버섯버터구이 만들기,210,8,4,17,"새송이버섯, 식용유, 버터, 진간장, 맛술"
395,https://www.10000recipe.com/recipe/6911766,에어프라이어로 달콤한 허니버터 고구마 만들기,1200,120,40,60,"고구마, 버터, 꿀, 모짜렐라 치즈"
396,https://www.10000recipe.com/recipe/7001546,﻿아스파라거스 칵테일새우 볶음 밑반찬,180,6,15,11,"아스파라거스, 칵테일새우, 마늘, 올리브유, 굴소스, 깨"
397,https://www.10000recipe.com/recipe/6928511,휘리릭~ 초 간단 맛살 볶음,150,5,10,10,"맛살, 파, 굴소스, 통깨, 식용유"
398,https://www.10000recipe.com/recipe/6842110,김구이와 달래양념장만있으면 밥한공기 뚝딱!,123,15,4,5,"달래, 고추, 구운김, 간장, 참기름, 깨, 매실청, 마늘, 고추가루"
399,https://www.10000recipe.com/recipe/6811239,바삭한 카레닭구이,600,40,80,10,"닭가슴살, 카레가루, 밀가루, 소금, 후추, 오일"
400,https://www.10000recipe.com/recipe/6900423,후다닥!!!두부 크래미 달걀볶음!,1025,23,78,71,"두부, 크래미, 달걀, 당근, 깻잎, 소금, 식용류, 후추, 참기름"
401,https://www.10000recipe.com/recipe/7036196,허니갈릭또띠아피자 레시피,410,26,17,27,"또띠아, 마늘, 꿀, 올리브유, 모짜렐라 치즈"
402,https://www.10000recipe.com/recipe/6882848,시금치베이컨볶음,1120,84,56,64,"시금치, 마늘, 베이컨, 소금, 식빵, 달걀"
403,https://www.10000recipe.com/recipe/5269045,짭쪼름하고 쫄깃해 입맛살리는 양념꼬막만들기,1160,33,132,56,"꼬막, 굵은 소금, 고춧가루, 간장, 참기름, 생강즙, 설탕, 마늘,  고추,  부추,  양파, 참깨"
404,https://www.10000recipe.com/recipe/6861562,추억의 간식 피카츄돈까스 치킨너겟으로 그 맛을 재연하다,1020,64,54,63,"치킨너겟, 올리고당, 케찹, 고추장, 마늘"
405,https://www.10000recipe.com/recipe/6977898,"고등학생 도시락, 스팸무스비, 나들이 도시락으로 추천",1345,155,58,56,"계란, 스팸, 김밥김, 공기밥, 간장, 맛술, 설탕, 참기름, 소금, 통깨"
406,https://www.10000recipe.com/recipe/6902441,새우살로 만드는 얼큰한 새우탕 만들기,420,38,45,8,"새우, 양파, 애호박, 파, 청양고추, 다시마, 멸치, 된장, 마늘, 고춧가루, 액젓"
407,https://www.10000recipe.com/recipe/6917038,모닝빵 속에 옥수수가 ★ 에어프라이어 옥수수치즈빵 ★,2750,292,97,135,"옥수수콘, 모닝빵, 모짜렐라 치즈, 허니머스타드, 마요네즈, 후추"
408,https://www.10000recipe.com/recipe/6853260,부산에서 먹던 탱글탱글 비빔당면,1035,94.6,31.1,60.2,"당면, 계란, 당근, 깻잎, 고춧가루, 설탕, 깨, 간장, 식초, 올리고당, 마늘, 참기름, 파"
409,https://www.10000recipe.com/recipe/6858529,한숟갈 뜰 때마다 영양 듬뿍! 소고기표고버섯덮밥♥,415.6,23.9,24.3,25.4,"표고버섯, 양파, 근, 소고기, 전분, 간장, 마늘, 맛술, 간장, 굴소스, 설탕, 참기름, 후추"
410,https://www.10000recipe.com/recipe/6930296,원팬으로 10분이면 뚝딱!! 초간단 버섯당면볶음 입니다~^^,1230,108,14,82,"당면, 표고버섯, 청량고추, 파, 마늘, 식용유, 간장, 굴소스, 매실청, 후추, 맛술, 참기름"
411,https://www.10000recipe.com/recipe/6937841,곤약면 닭가슴살 숙주볶음,415,18.5,47.3,16.8,"닭가슴살, 곤약면, 청양고추, 쪽파, 참기름, 마늘, 고추장, 간장, 설탕, 맛술, 굴소스, 마늘, 생강가루"
412,https://www.10000recipe.com/recipe/7002443,쫄깃한 식감과 버터의 풍미가 느껴지는 닭고기스테이크,1230,78,78,69,"닭다리살, 소금, 후추, 바질가루, 버터, 올리브유, 감자, 아스파라거스, 간장, 올리고당, 케찹, 후추"
413,https://www.10000recipe.com/recipe/6847733,아몬드샤브레,1745,166,38,105,"버터, 설탕, 노른자, 박력분, 아몬드가루"
414,https://www.10000recipe.com/recipe/6899965,아침대용식 콘바 세상에서 제일 쉬운 에너지바 만드는 법ㅣ처치곤란 시리얼의 변신ㅣYAMMoo,620,140,4,2,"콘시리얼, 올리고당, 설탕"
415,https://www.10000recipe.com/recipe/7040411,건새우 시금치된장국 레시피 시금치 두부 된장국 끓이는법,420,47,33,12,"시금치, 건새우, 두부, 파, 마늘, 된장, 쌈장, 국간장, 까나리액젓, 쌀뜨물, 코인 육수, 고추"
416,https://www.10000recipe.com/recipe/6925795,즉석 목살 양념구이~ 달큰한 양념소스가 정말 맛있습니다.,1050,47,84,54,"돼지목살, 설탕, 진간장엿, 간마늘, 생강가루, 맛술, 굴소스, 후추, 파"
417,https://www.10000recipe.com/recipe/6992379,묵은지간장국수 묵은지를 쭉쭉 찢어보세요 한끼가 해결됩니다,1020,144,24,40,"묵은지, 소면, 소금, 간장, 설탕, 들기름, 통깨, 마늘"
418,https://www.10000recipe.com/recipe/6838102,고추장참치볶음 + 케일쌈밥까지 - 도시락메뉴,1020,45,105,50,"캔참치, 파, 애호박, 당근, 양파, 케일, 고추장, 고추가루, 올리고당, 통깨"
419,https://www.10000recipe.com/recipe/3595564,튀기지 않은 토스트 핫도그,1015,63,58,61,"식빵, 슬라이스치즈, 소세지, 달걀, 설탕, 우유"
420,https://www.10000recipe.com/recipe/6965877,맛살깻잎말이(맛살전),420,22,24,28,"맛살, 깻잎, 달걀, 밀가루, 소금, 후추, 식용유"
421,https://www.10000recipe.com/recipe/6933144,우리 집 최애 반찬 달콤 짭조름한 닭안심감자조림,2150,191,157,82,"닭안심, 감자 작은 것, 파, 우유, 당면, 간장, 설탕, 생수, 맛술, 마늘, 참기름, 통깨"
422,https://www.10000recipe.com/recipe/6963204,[애호박두부탕 끓이는 법]다이어트 식단으로 좋은 맑은 국물 요리,420,38,33,15,"애호박, 두부, 쪽파, 청양고추, 고추, 간마늘, 새우젓"
423,https://www.10000recipe.com/recipe/4320507,구운애호박 무침,85,6,3,6,"애호박, 고춧가루, 진간장, 참기름, 마늘, 참깨, 파, 고추"
424,https://www.10000recipe.com/recipe/7004170,밥과 잘어울리는 스팸덮밥,1025,92,53,48,"스팸, 계란, 파, 밥, 간장, 맛술, 설탕, 참기름"
425,https://www.10000recipe.com/recipe/6895759,감자베이컨치즈~전자렌지의 세계가 무한합니다^^♡,1435,92,78,89,"감자자, 체다치즈, 베이컨, 모짜렐라 치즈, 스파게티소스, 소금, 설탕, 파슬리"
426,https://www.10000recipe.com/recipe/6946032,아삭한 식감이 매력적인 단짠 반찬 마늘종 볶음,315,20,4,25,"마늘쫑, 파, 양파, 마늘, 식용유, 통깨, 참기름, 진간장, 올리고당"
427,https://www.10000recipe.com/recipe/7032269,유퀴즈 류수영 설마 고추장 비빔국수 류수영 비빔국수 양념장 레시피 만들기,1230,107,97,45,"소면, 양파, 오이, 닭가슴살, 청양고추, 고추, 김가루, 통깨, 식초, 설탕, 맛소금, 설탕, 고춧가루, 통깨, 참기름, 진간장, 식초, 마늘, 케찹, 고추, 후추"
428,https://www.10000recipe.com/recipe/6895112,자취생 간단요리<메추리알볶음>,1740,144,78,96,"메추리알, 비엔나 소세지, 청양고추, 고추장, 케첩, 진간장, 설탕"
429,https://www.10000recipe.com/recipe/6883228,간단하게~ 양송이 버섯 덮밥,215,23,10,9,"양송이 버섯, 잔파, 마늘, 간장, 굴소스, 설탕, 후추, 참기름, 소금, 통깨, 전분"
430,https://www.10000recipe.com/recipe/6945735,초스피드반찬 : 유아반찬으로 좋은 감자카레전 5분만에 만들기,1020,150,12,42,"큰감자, 튀김가루, 카레가루, 소금, 올리브유"
431,https://www.10000recipe.com/recipe/6855088,"갈릭치킨, 매력있는 맛일세~~",1120,75,80,60,"닭봉, 닭다리, 마늘취향껏 가감, 소금, 후추, 올리브유, 설탕, 간장, 식초, 올리고당, 소금"
432,https://www.10000recipe.com/recipe/6896819,실패는없다!백종원 냉국레시피!,320,68,8,3,"오이, 미역, 양파, 당근, 식초, 마늘, 설탕, 소금, 진간장, 청양고추, 고추, 통깨"
433,https://www.10000recipe.com/recipe/6902807,"베이컨 떡꼬치구이 만드는 법, 아이 간식",1200,200,40,30,"가래떡, 베이컨, 머스터드소스, 케첩"
434,https://www.10000recipe.com/recipe/6848325,아망디오쇼콜라,3860,448,84,196,"버터, 황설탕, 계란, 코코아가루, 아몬드, 박력분"
435,https://www.10000recipe.com/recipe/6892138,두부강정 맵지않은 소스로 아이들 입맛까지 확 ~,1020,94,47,54,"두부, 부침가루, 식용유, 케첩, 올리고당, 설탕, 간장, 마늘"
436,https://www.10000recipe.com/recipe/6991429,밥 두그릇 순삭하는 맛 소시지볶음장 만들기,3150,198,110,210,"소세지, 옥수수수콘, 식용유, 양파, 당근, 파, 마늘, 고추장, 케첩, 설탕엿, 진간장, 굴소스"
437,https://www.10000recipe.com/recipe/7016404,#새우 브로콜리볶음 #크리스마스음식 만들어놓으면 순십간에 사라지는 요리,345,31,25,14,"새우, 브로콜리, 마늘, 생강, 전분, 굴소스, 소금, 설탕, 참기름, 후추"
438,https://www.10000recipe.com/recipe/7000439,국물이 시원한 뚝배기 당면 소불고기 레시피,2150,123,160,120,"소고기, 당근, 양파, 느타리 버섯, 파프리카, 당면, 간장, 올리고당, 설탕, 마늘, 참기름, 깨"
439,https://www.10000recipe.com/recipe/7024640,콩나물무국 (담백하고 해장에 좋은 아침국),420,60,30,5,"콩나물, 무, 파, 청양고추, 코인 육수, 참치액, 마늘, 새우젓"
440,https://www.10000recipe.com/recipe/7027181,면역력 높이는 건강한 반찬 통마늘 표고버섯볶음 만드는 법,1070,68,20,82,"마늘, 표고버섯, 식용유, 고추장, 고춧가루, 올리고당, 간장, 참기름, 참깨"
441,https://www.10000recipe.com/recipe/6910345,허니갈릭 연어,1050,60,75,60,"연어, 소금, 후추, 올리브유, 간장, 꿀, 전분"
442,https://www.10000recipe.com/recipe/6919453,냉장고에 새송이 하나쯤은 있쟈냐~! 새송이간장버터구이 ★,315,16,6,24,"새송이버섯, 꽈리고추, 버터, 통깨, 간장, 맛술, 올리고당, 후추"
443,https://www.10000recipe.com/recipe/6907004,촉촉하고 부드러운 초코크랙쿠키 만들기(+버터없이도 가능해요~!!),2380,320,36,112,"버터, 계란, 설탕, 소금, 박력분, 코코아파우더, 베이킹파우더, 슈가파우더"
444,https://www.10000recipe.com/recipe/6994106,스팸돈부리 레시피,2400,320,120,80,"스팸, 통깨, 밥, 진간장, 맛술, 설탕, 고춧가루"
445,https://www.10000recipe.com/recipe/6984535,"아삭함이 살아있는 반찬! 양배추 무침, 겉절이 만들기",525,53.5,10.5,31.5,"양배추, 고춧가루, 설탕, 액젓, 마늘, 식초, 소금, 참기름, 깨소금"
446,https://www.10000recipe.com/recipe/6880694,버섯요리/조금 색다르게 만들어 먹는 버섯 깐풍,1230,157,17,59,"느타리버섯, 청고추, 고추, 마늘, 튀김기름, 진간장, 설탕, 식초, 참기름, 기름볶을 때, 튀김가루"
447,https://www.10000recipe.com/recipe/6837437,두부고기 맛이 나는 두부볶음~~,220,11,15,13,"두부, 마늘, 고추장, 간장, 굴소스, 올리고당, 참기름, 깨"
448,https://www.10000recipe.com/recipe/6907655,'몽쉘'로 초간단 컵브라우니 만들기,1080,144,32,40,"몽쉘, 우유"
449,https://www.10000recipe.com/recipe/6899874,업그레이드 삼겹살덮밥,2150,68,132,155,"삼겹살, 양파, 양배추, 계란, 간장엿, 마늘, 후추, 소금"
450,https://www.10000recipe.com/recipe/7020842,"구운마늘 좋아하는 사람은 만들어보세요, 돼지고기마늘조림",1395,38.6,94.1,94.5,"돼지목살, 마늘, 전분가루, 맛술, 식용유, 소금, 후추, 페페론치노, 간장, 설탕, 올리고당, 마늘, 굴소스, 맛술, 참기름"
451,https://www.10000recipe.com/recipe/6915735,깔끔고소한 아침국~~들깨무국,150,10,5,10,"채썬 무, 파, 들깨가루, 소금, 참기름"
452,https://www.10000recipe.com/recipe/6928224,아침식사 굿굿! 노오븐 에어프라이어 스위트콘 콘옥수수 치즈 모닝빵,1340,126,52,70,"모닝빵, 옥수수콘, 모짜렐라 치즈, 머스타드, 마요네즈, 후추"
453,https://www.10000recipe.com/recipe/6861235,[간단 자취요리] 손님 초대용! 저렴하지만 멋지게 한 상 차려보자! / 서가앤쿡 목살 스테이크 만들기,1740,58,108,120,"목살, 계란, 버터, 돈가스소스, 맛술, 설탕, 굴소스"
454,https://www.10000recipe.com/recipe/6894649,"간단한 요리 레시피, 덮밥으로도 술안주로도 OK! 10분만에 만드는 소고기숙주볶음",715.5,38.5,53.5,33.5,"소고기, 숙주, 양파, 마늘, 굴소스, 간장, 소주, 설탕, 후추"
455,https://www.10000recipe.com/recipe/6938068,계란말이케이크,1232,33,64,97,"계란, 식용유, 파프리카, 당근, 파, 양파, 맛소금, 설탕, 맛소금, 설탕, 참기름, 케찹"
456,https://www.10000recipe.com/recipe/7041672,[까르보나라 떡볶이] 냉장고털이 겸 간단한 간식 만들기,2150,220,85,110,"양배추, 떡볶이떡, 양파, 비엔나 소세지, 베이컨, 마늘, 까르보나라소스, 청양고추, 후추"
457,https://www.10000recipe.com/recipe/6841304,"차돌박이 참나물 샐러드 , 쉽고 간단하지만 폼나고 맛있다.",1230,38,116,68,"참나물, 차돌박이, 마늘, 참기름, 간장, 멸치액젓, 식초, 고춧가루, 설탕, 깨"
458,https://www.10000recipe.com/recipe/7000243,참치쌈장 양배추쌈 이렇게드셔보세요~ 다이어트음식으로 좋아요,620,31,58,30,"양배추, 두부, 참치, 양파, 파, 청양고추, 고춧가루, 마늘, 된장, 고추장, 설탕"
459,https://www.10000recipe.com/recipe/7029076,오이들깨무침 여름반찬으로 꼭 만들어보세요 오이무침 레시피 오이들깨무침 만드는법,123,3,2,11,"오이, 소금, 마늘, 들깨가루, 들기름"
460,https://www.10000recipe.com/recipe/6934433,♥[신혼밥상] 닭가슴살 그라탕 한그릇,785,68,70,28,"쌀밥, 닭가슴살, 양파, 파, 마늘, 모짜렐라 치즈, 슬라이스치즈, 토마토스파게티소스"
461,https://www.10000recipe.com/recipe/6903698,두부닭가슴살유부초밥,570,10,95,15,"닭가슴살, 두부, 유부, 소금, 후추"
462,https://www.10000recipe.com/recipe/7017097,초간단 대패삼겹 배추찜(차돌박이 대체가능),2640,45,160,200,"대패삼겹살, 알배추, 칠리소스, 간장, 식초, 맛술, 설탕, 통깨, 후추, 고춧가루"
463,https://www.10000recipe.com/recipe/6902207,부타동 : 일본식 돼지고기 덮밥 간단한 점심 메뉴로 굿!,1016.4,23.6,58.6,77.8,"대패삼겹살, 양파, 달걀, 설탕, 간장, 맛술, 설탕, 마늘"
464,https://www.10000recipe.com/recipe/6896826,초간단술안주!대패삼겹우동볶음!!,3150,144,180,210,"대패삼겹살, 우동사리, 양파, 파, 숙주, 맛간장, 굴소스, 올리고당, 마늘, 맛술, 참기름, 깨, 후추"
465,https://www.10000recipe.com/recipe/6954909,호떡믹스 소세지빵 에어프라이어로 집에서 만드세요,2150,180,80,130,"호떡믹스, 후랑크소세지, 파프리카, 캔옥수수, 모짜렐라 치즈, 파슬리, 마요네즈, 케찹"
466,https://www.10000recipe.com/recipe/6922857,[아이반찬] 달콤 짧짤 바삭 부드러운 두부강정,540,38,20,34,"두부, 전분가루, 식용유, 간장엿, 케첩, 마늘, 참기름"
467,https://www.10000recipe.com/recipe/7020389,밑반찬 잔멸치마늘볶음,1050,38,108,51,"멸치, 마늘, ​간장, 매실액, 생강청, 술"
468,https://www.10000recipe.com/recipe/6879416,햄 숙주볶음 : 초간단 밥반찬&술안주,540,38,18,35,"숙주, 슬라이스 햄,  파, 청양고추, 굴소스, 후추, 식용유, 참기름, 깨"
469,https://www.10000recipe.com/recipe/6944255,콩나물불고기 레시피,3660,92,234,264,"대패삼겹살, 콩나물, 양파, 새송이버섯, 파, 청양고추, 고춧가루, 고추장, 간장, 설탕, 마늘, 맛술"
470,https://www.10000recipe.com/recipe/6962124,실패없이 만드는 밥도둑 감자스팸간장조림 황금레시피!!,1025,94,38,58,"감자, 스팸, 당근, 쪽파, 간장, 굴소스, 올리고당, 설탕, 마늘, 참기름, 통깨"
471,https://www.10000recipe.com/recipe/6891247,초코맛! 베이비 슈(홈런볼) 만들기,2150,157,45,150,"버터, 설탕, 소금, 차가, 박력분, 달걀, 생크림, 다크 초콜릿"
472,https://www.10000recipe.com/recipe/6903739,베이컨 양파덮밥,1025,74,31,68,"밥, 베이컨, 양파, 쪽파, 계란, 식용유, 들기름, 깨소금, 간장, 올리고당, 맛술, 굴소스"
473,https://www.10000recipe.com/recipe/6916403,밥에 쓱싹 비벼 먹는 참치 양념장,380,9,30,24,"참치, 양파, 진간장, 맛술, 참기름, 후추"
474,https://www.10000recipe.com/recipe/6974604,오이미역냉채/ 새콤달콤 톡 쏘는 간편 다이어트 요리,215.5,47.6,4.6,1.1,"건미역, 오이, 맛살, 무, 식초, 매실액, 설탕, 소금, 연겨자, 마늘"
475,https://www.10000recipe.com/recipe/6918734,쫄깃한 떡에 베이컨을 말아줘~! (제발) 에어프라이어 베떡베떡 ★,1740,264,54,48,"떡볶이떡, 베이컨, 고추장, 올리고당, 마늘, 케첩, 간장"
476,https://www.10000recipe.com/recipe/6880695,소고기 배춧국 만들기 든든한 한끼로 제격!,1020,94,74,34,"배추잎, 국거리 소고기, 마늘, 파, 국간장, 맛술, 된장"
477,https://www.10000recipe.com/recipe/6889370,간단하게 속편한 국 끓이기! 새우젓 연두부달걀국,420,18,38,20,"물, 연두부, 달걀, 양파, 새우젓, 소금, 파, 다시마, 멸치"
478,https://www.10000recipe.com/recipe/7007156,황태 미역국 끓이기 보양식 같은 아침국으로 좋아요.,320,15,25,18,"미역, 황태, 마늘, 된장, 간장, 소금, 참기름"
479,https://www.10000recipe.com/recipe/6894964,맥주와 환상궁합! 백종원 칠리새우 쉽게 만들기,1025,33,16,93,"칵테일 새우, 식용유, 마늘, 버터, 후추, 케찹, 고추가루, 설탕, 간장, 식초"
480,https://www.10000recipe.com/recipe/6835918,촉촉한 닭가슴살완자 만들기,1020,60,140,20,"닭가슴살, 양파, 당근, 파, 계란, 밀가루, 소금, 후추, 마늘"
481,https://www.10000recipe.com/recipe/6912270,짭조름 간장 쏘야,1020,70,48,64,"양파, 파프리카, 비엔나 소세지, 간장, 올리고당, 설탕, 후추"
482,https://www.10000recipe.com/recipe/6886375,꼭 해드세요. 존맛임! 버터 스팸동 만들기,614,92,15,21,"밥, 스팸, 버터, 간장, 설탕"
