url,title,ingredients,칼로리,탄수화물,단백질,지방
https://www.10000recipe.com/recipe/7045892,냉이콩나물국 냉이국,"콩나물 240g, 냉이1줌 1줌, 멸치액젓 1스푼, 코인육수 2개, 물 1리터, 간마늘 1스푼",180,30,12,2
https://www.10000recipe.com/recipe/7045958,"6.블루베리 잼(ft.무설탕,면역력,시력강화)(2025.2.23)","냉동 블루베리 2kg, 꿀 500g, 아가베시럽 100g, 대추야자시럽 200g",4200,1060,20,0
https://www.10000recipe.com/recipe/7046074,7.케일•알배추•깻잎 쌈밥(ft.야채참치쌈장)(2025.2.25),"케일 10장, 알배추 잎 7장, 깻잎 5장, 공기밥 2+1/2공기, 참기름 1스푼, 소금 약간, 참깨 약간, 양파작은 것 작은 것, 참기름 1스푼, 된장 2스푼, 고추장 1스푼, 생수 109ml, 다진마늘 1/2스푼, 파프리카홍•황 각각 홍•황 각각, 청양고추 1개, 표고버섯 2개, 참치캔 170g, 고춧가루 1스푼, 사탕수수 원당 2스푼",1234,145,68,45
https://www.10000recipe.com/recipe/7045542,바나나 초코 쌀 쿠키 만들기 바나나 초코칩 쿠키 요리 레시피,"바나나300g 300g, 설탕 30g, 박력분 쌀가루 300g, 소금 1꼬집, 베이킹파우더 1/2작은술, 초코칩 100g",2150,464,33,30
https://www.10000recipe.com/recipe/7040726,둥근호박볶음 새우젓조림 칼로리 여름반찬 애호박나물,"호박 1개, 새우젓 1T, 고춧가루 1t, 통깨, 파, 마늘 1t",85,15,4,2
https://www.10000recipe.com/recipe/7045351,들깨수제비,"밀가루 300g, 애호박 1/3개, 들깨가루 5스푼, 간마늘 1스푼, 사골곰탕500g-1kg 500g-1kg, 물 100ml",2150,300,100,75
https://www.10000recipe.com/recipe/7045905,쫄면레시피,"쫄면 350g, 양배추 1/4개, 당근 1/2개, 고추장 2스푼, 고추가루 2스푼, 매실청 2스푼, 식초 3스푼, 간마늘 2스푼, 간장 1스푼, 설탕 1스푼, 통깨 1스푼, 참기름 1/2스푼",1050,186,31,23
https://www.10000recipe.com/recipe/7045842,열무된장볶음 나물 만드는 법 열무나물볶음 레시피,"열무삶은 나물 삶은 나물, 대파 1/2대, 간마늘 1T, 된장듬북 듬북, 새우젓 2T, 식용류 2T, 물 200ml, 들깨가루 1T, 참기름후첨 후첨, 통깨 0.5T",150,10,5,8
https://www.10000recipe.com/recipe/7045673,두부계란 스크램블,"두부 1/2모, 달걀 2개, 우유 100ml, 식용유 1T, 소금 1ts, 시금치 1/2줌, 후추 1/2ts, 갈은깨 1ts",540,12,33,40
https://www.10000recipe.com/recipe/7045872,시금치나물 된장무침 만드는법,"시금치 250g, 대파 1/4대, 소금 1/2스푼, 된장 1/2스푼, 국간장 1/2스푼, 멸치액젓 1/2스푼, 고춧가루 1/2스푼, 다진 마늘 1/2스푼, 참기름 1스푼, 으깬 통깨 1스푼",165.5,10.9,10.1,9.8
https://www.10000recipe.com/recipe/7045931,고추장 감자조림 만들기 매콤 매운 감자볶음 레시피,"감자 500g, 대파 1대, 양파 1/2개, 식용유 2큰술, 다진마늘 1큰술, 참기름 1큰술, 깨 적당량, 물 1.5컵, 진간장 4큰술, 고추장 2큰술, 고춧가루 1큰술, 물엿 2큰술, 설탕 1큰술, 참치액 1큰술",1665,228,38,74
https://www.10000recipe.com/recipe/7044682,스타우브 베이비웍 오뎅국,"오뎅 100g, 무 50g, 양파 1/2조각, 국간장 1T, 다진마늘 0.5T, 후추 약간, 두부 1/3모, 대파 약간, 다시마 1조각, 멸치 6마리, 물 200ml",215,15,20,8
https://www.10000recipe.com/recipe/7045885,섬초 시금치무침 봄나물반찬 만들기,"시금치 1단, 소금 1/2t, 간마늘 1t, 통깨 약간, 참기름 1t",68,2,3,6
https://www.10000recipe.com/recipe/7045222,매콤 감자어묵조림!!,"감자 2개, 종합 어묵 500g, 대파 0.5개, 양파 1개, 청양고추 3개, 당근 1/4개, 양조간장조림 2T+2T 조림 2T+2T, 맛술 2T, 설탕 2T, 올리고당 2T, 고추가루 2T, 식용유 2T, 통깨 취향껏",3150,292,120,170
https://www.10000recipe.com/recipe/7045900,굴소스 느타리버섯볶음 만드는 법 버섯볶음 레시피,"느타리버섯 손질 후 125g, 양파 35g, 당근 30g, 대파 15g, 다진 마늘 0.4큰술, 굴소스 0.7~0.8큰술, 식용유 3큰술, 물 1큰술, 소금 0.2작은술, 후추 톡톡톡, 통깨 솔솔솔",186.5,15.9,3.7,12.1
https://www.10000recipe.com/recipe/7045864,양배추 참치덮밥 레시피 다이어트 양배추덮밥 레시피,"밥 160g, 양배추 65g, 참치캔85g 85g, 당근 8g, 올리브오일 1큰술, 참치액 0.4큰술, 계란 1개, 참기름 1~1.5큰술, 대파고명 고명, 통깨 솔솔솔",540,33.6,33.7,30.5
https://www.10000recipe.com/recipe/7045676,간단하게 즐기는 들깨 브로콜리 무침 만들기,"브로콜리 1/2개, 물 150ml, 들깨가루 3스푼, 올리브오일 2스푼, 소금 1스푼",210,10,8,16
https://www.10000recipe.com/recipe/7045828,"배추의 변신은 무죄! 엄청 맛있는 ""배추말이전"" 만들어보세요!","배추 10장, 올리브오일 0.5T, 들기름 0.5T, 다진 청양고추 1T, 다진마늘 0.5T, 간장 3T, 참기름 1T, 올리고당 2T, 통깨듬뿍 듬뿍",1020,48,20,85
https://www.10000recipe.com/recipe/7045735,애호박 된장국 끓이는 법 국물요리,"감자 2개, 양파 1/2개, 호박 1/2개, 대파 1/2대, 팽이버섯 1봉, 물 1L, 재래된장 2큰술, 집된장 1큰술, 고춧가루 1큰술, 참치액 2큰술",1025,186,53,10
https://www.10000recipe.com/recipe/7045801,꽈리고추소고기볶음,"소고기 불고기용 200g, 꽈리고추 10개, 통깨 약간, 간장 3T, 다진마늘 1T, 미림 1T, 굴소스 1/2T, 물엿 2T, 후추 약간",760,38,60,40
https://www.10000recipe.com/recipe/7044128,새송이버섯으로 만드는 관자구이!,"새송이버섯 4개, 버터 30g, 다진마늘 2스푼, 청양고추 1개, 간장 3스푼, 굴소스 1.5스푼, 물엿 1스푼, 미림 1스푼",292,23,8,19
https://www.10000recipe.com/recipe/7044870,버터 갈릭 굴소스 파스타 초스피드 야식으로도 최고!,"올리브유 5T, 마늘편마늘 다진마늘 편마늘 다진마늘, 파스타 1인분, 굴소스 1.5T, 간장 1.5T, 버터 1조각, 페퍼론치노, 치킨스톡 1T, 후추, 치즈뿌려먹을 뿌려먹을",1234,78,32,85
https://www.10000recipe.com/recipe/7043236,아보카도두부샐러드,"아보카도 1개, 두부 1모, 쪽파 약간, 깨소금 약간, 진간장 2T, 식초 1T, 알룰로스 1T, 참기름 0.5t",620,23,23,50
https://www.10000recipe.com/recipe/7045536,<맛도 건강도 챙기는> 초간단 양배추 닭가슴살 덮밥,"양배추 1/4개, 닭가슴살 100g, 다진마늘 1T, 양파 1/2개, 달걀 1개, 밥 1/2공기, 진간장 1T, 참치액 1t, 올리브유 1T, 굴소스 1T, 알룰로스올리고당 대체 가능 올리고당 대체 가능, 파슬리가루 1t",415,31,38,15
https://www.10000recipe.com/recipe/7033948,햄 감자채볶음 만드는법,"감자큰것 큰것, 스팸 80g, 양파 1/4개, 당근 30g, 마늘 1작은술, 소금 1작은술, 후추 약간, 통깨 1줌, 참기름 1큰술",540,45,20,30
https://www.10000recipe.com/recipe/7045747,"제철요리, 시원하고 깔끔한 무우국 끓이기","무우600~700g 600~700g, 물 1000ml, 건다시마5×5cm 5×5cm, 다진마늘 1T, 고추가루 1T, 천일염 1T, 대파 조금",350,80,10,1
https://www.10000recipe.com/recipe/7022775,시금치무침 (시금치데치는 방법 시금치나물요리 나물반찬 반찬레시피),"시금치 300g, 소금 1스푼, 물 넉넉히, 다진 마늘 1스푼, 참치액 1.5스푼, 참기름 1스푼, 깨소금 1스푼, 소금 0.5스푼",315,6.5,26.5,20.5
https://www.10000recipe.com/recipe/7035751,아삭한 콩나물무침 레시피/ 하얀 콩나물무침 만들기,"콩나물 205g, 대파 1큰술, 다진마늘 0.3큰술, 참치액 0.5큰술, 맛소금 0.2작은술, 참기름 1큰술, 통깨넉넉하게 넉넉하게",215,15,18,9
https://www.10000recipe.com/recipe/7029407,"즉석,오이 부추 무침(백종원양념)","오이 1개, 부추 1줌, 양파 1/4개, 매운 고추선택 선택, 고추장 1큰술, 고춧가루 1큰술, 간장 1큰술, 식초 1큰술, 참기름 1큰술, 설탕 1큰술, 올리고당 1큰술, 다진마늘 0.5큰술, 통깨 톡톡",150,20,5,7
https://www.10000recipe.com/recipe/7029097,여름반찬 아삭오이고추 만능된장무침 레시피,"오이고추 3개, 된장 1t, 고춧가루 1/2t, 통깨 약간, 올리고당 1t, 참기름 1t",38,5,2,2
https://www.10000recipe.com/recipe/7025833,매운빨간콩나물무침 레시피 매일반찬,"콩나물 300g, 대파 1/2대, 고추가루 1.5T, 맛소금 1/3T, 멸치액젓 1T, 국간장 1T, 참기름 1T, 통깨",315,33,17,13
https://www.10000recipe.com/recipe/7033609,애호박 새우젓 볶음,"애호박 2개, 양파 1개, 다진마늘 1Ts, 새우젓 1/2Ts, 국간장 2Ts, 소금 1꼬집, 들기름 2Ts, 물 50ml",215,18,5,14
https://www.10000recipe.com/recipe/7045230,참치마요 무스비 만들기 참치마요김밥,"김밥김 3장, 식용유 넉넉히, 밥 3인분, 가는소금 0.5작은술, 깨소금 1큰술, 참기름 1바퀴, 캔참치 135g, 마요네즈 2큰술, 후추 톡톡, 계란 4개, 소금 4꼬집, 후추 톡톡",2530,186,97,160
https://www.10000recipe.com/recipe/7023640,"향긋한 취나물 간단하게 쌈장으로 무쳐도 맛있어요, 취나물쌈장무침","취나물 150g, 통깨 1숟가락, 소금 1/2숟가락, 대파 1/3대, 쌈장 2숟가락, 다진마늘 1/2숟가락, 다진대파 2숟가락, 설탕 1/2숟가락, 참치액젓 1/2숟가락, 들기름 1/2숟가락",180,10,8,12
https://www.10000recipe.com/recipe/7018228,베이컨감자채볶음,"감자 3개, 당근 1/4개, 베이컨 1팩, 대파 넉넉히, 통깨 1스푼, 소금 약간",1025,97,33,60
https://www.10000recipe.com/recipe/6984517,도시락 반찬으로 최고! 스팸감자조림♡,"감자 2개, 스팸 200g, 진간장 4스푼, 설탕 4스푼, 후추 조금, 올리고당 1스푼, 다진마늘 1스푼, 물 120ml",1340,169,47,54
https://www.10000recipe.com/recipe/7044771,양념게장/9:6:2:2:1 외우세요/ 친정엄마도 엄지척 외쳐주는 양념게장,"냉동꽃게 1kg, 대파흰뿌리 1/2뿌리, 물 150ml, 식초 4스푼, 간장자판기종이컵 반컵 90ml 자판기종이컵 반컵 90ml, 고추가루 9스푼, 설탕 6스푼, 식초 2스푼, 다진마늘 2스푼, 다진생강 1스푼",1740,180,120,60
https://www.10000recipe.com/recipe/7044761,영양만점 참치 양파볶음 황금레시피,"참치캔 1개, 양파 1개, 후추 약간, 통깨 약간, 설탕 1꼬집, 소금 1/2t",280,15,30,10
https://www.10000recipe.com/recipe/6989690,아이반찬 양파소세지볶음 레시피 양파요리 초스피드반찬,"양파 1/2개, 비엔나소세지 300g, 굴소스 0.5T, 올리고당 1T, 참기름 1T, 통깨",1135.5,38.5,53.5,87.5
https://www.10000recipe.com/recipe/7009944,오이고추된장무침 (사계절 먹기좋은 밑반찬 고추무침 5분 레시피),"오이고추 7개, 된장 1스푼, 고추장 0.5스푼, 참기름 1스푼, 올리고당 0.5스푼, 통깨 1스푼",105,10,4,6
https://www.10000recipe.com/recipe/7044276,무설탕 알록달록 파프리카 간장 피클,"파프리카 3개, 아삭이고추 10개, 양파 1개, 물 600ml, 간장 200ml, 설탕 혹은 알룰로스 설탕 200ml, 식초 200ml",1080,240,20,0
https://www.10000recipe.com/recipe/7005830,도토리묵김무침 레시피 아이반찬,"도토리묵 1/2모, 조미김 1봉, 진간장 1T, 설탕 0.5T, 참기름 1T, 통깨, 다진대파 1T",320,23,12,20
https://www.10000recipe.com/recipe/7037835,소시지 채소 볶음,"비엔나 소시지 135g, 마늘 10알, 양파 1/2개, 파프리카노란 빨강 노란 빨강, 대파흰 부분 흰 부분, 굴소스 1스푼, 참기름 1스푼, 후추 약간, 소금 1~2꼬집, 통깨 1/2스푼, 식용유 2스푼",1015.5,23.9,38.6,86.7
https://www.10000recipe.com/recipe/7040598,[메추리알장조림] 홍두깨살이 들어간 장조림 레시피 | 신혼밥상,"소고기 홍두깨살 400g, 메추리알 500g, 물 800ml, 통마늘다진마늘 듬뿍 1T 대체 가능 다진마늘 듬뿍 1T 대체 가능, 대파 1/2개, 간장 100ml, 맛술 30ml, 설탕 1+1/2T, 물엿 1T",3150,144,292,155
https://www.10000recipe.com/recipe/7017809,시금치 계란 볶음 레시피 다이어트 반찬,"시금치 150g, 계란 4개, 버터 20g, 다진 마늘 1T, 소금 약간, 올리브유 1T, 소금 1꼬집",614,6,33,51
https://www.10000recipe.com/recipe/6993517,새송이버섯버터굴소스볶음 간단반찬,"미니새송이버섯 1팩, 버터 20g, 굴소스 1T, 진간장 0.5T, 통깨 약간",150kcal,5g,3g,12g
https://www.10000recipe.com/recipe/7003487,청경채 된장 무침으로,"청경채 150g, 쪽파 2개, 된장또는 쌈장 또는 쌈장, 간마늘 1/2스푼, 고춧가루 1/2스푼, 설탕 1/3스푼, 매실액 1스푼, 들기름 1스푼, 통깨 1/2스푼",215.5,17.9,6.1,14.1
https://www.10000recipe.com/recipe/7032079,감자꽈리고추조림 밥통 거덜내는 무시무시한 저녁반찬,"감자 3~4개, 꽈리고추작은거 작은거, 다진마늘 1큰술, 고추장 1큰술, 된장 1작은술, 고춧가루 1큰술, 설탕 1큰술, 진간장 2큰술, 맛술 1큰술, 참기름 1작은술, 올리고당 1큰술",1025,191,29,15
https://www.10000recipe.com/recipe/7030132,대패 제육볶음 레시피 대패삼겹살 돼지 대패 두루치기,"대패삼겹살 700g, 대파 1/2대, 양파 1개, 설탕 1큰술, 올리고당 2큰술, 참기름 2큰술, 통깨 1큰술, 후추 조금, 고춧가루 3큰술, 고추장 2큰술, 진간장 5큰술, 다진마늘 1큰술, 매실액 1큰술, 맛술 2큰술",4130,68,224,336
https://www.10000recipe.com/recipe/7029194,감자 계란국 끓이는 법 계란 감자국 간단한 맑은 국 요리,"감자 1개, 계란 1개, 양파 1/4개, 대파 약간, 물 700ml, 코인육수 1개, 다진마늘 0.5T, 국간장 0.5T, 소금 0.3T, 후추 약간",420,50,20,15
https://www.10000recipe.com/recipe/7013562,새송이버섯볶음 간장버섯조림 어린이 밑반찬,"새송이버섯 1봉지, 대파 1/4대, 식용유 3큰술, 진간장 3.5큰술, 올리고당 2큰술, 다진마늘 1/2큰술, 참기름 1큰술, 깨소금 1/2큰술, 식용유 3큰술",1025,38,15,91
https://www.10000recipe.com/recipe/7028655,참기름 스팸김치볶음 레시피,"김치 1/4포기, 스팸 200g, 식용유 2T, 고춧가루 1T, 간장 1T, 설탕 1T, 올리고당 1T, 참기름 2T, 통깨 1T",1160,38,47,93
https://www.10000recipe.com/recipe/7007585,베이컨감자채볶음,"감자 2개, 베이컨 1팩, 대파 약간, 통깨 1스푼, 소금 약간, 양파 1개",1025,108,38,53
https://www.10000recipe.com/recipe/7044413,상추 겉절이 상추 무침,"상추 150g, 양조간장 2스푼, 식초 2스푼, 설탕 1스푼, 고추가루 1스푼, 참기름 1스푼, 다진마늘 1스푼, 참깨 1스푼",165,10,5,11
https://www.10000recipe.com/recipe/7030095,매운 어묵볶음 어묵 요리 맛있게 만들기,"어묵 200g, 대파 1/2대, 마늘 1T, 알룰로스 1T, 물 3~4T, 고춧가루 1.5T, 간장 1.5T",320,29,24,10
https://www.10000recipe.com/recipe/6991123,"고소한 맛이 좋은 밑반찬, 애호박버섯볶음 만들기(새우젓없이 만들기)","느타리버섯 400g, 애호박 2개, 식용유 3T, 다진마늘 1T, 소금 0.5T, 참기름 0.5T, 후춧가루 조금",1020,48,16,86
https://www.10000recipe.com/recipe/7004229,[참치쌈장] 입맛없을때 밥도둑이요!,"참치 1캔, 양파 1개, 청양고추 3개, 기름 1T, 물 1/2컵, 된장 3T, 고추장 2T, 고춧가루 1/2T, 다진마늘 1T, 올리고당 1T, 매실엑기스 2/3T, 참기름 1/2T, 깨 1",614,31,41,38
https://www.10000recipe.com/recipe/7042532,삼겹살 제육볶음,"삼겹살 300g, 마늘 3쪽, 양파 1/2개, 파 1/2대, 설탕 2T, 고춧가루 2T, 간장 2T, 멸치액젓 2T, 식초 1T",1740,68,123,114
https://www.10000recipe.com/recipe/7037873,얼갈이무침 이렇게 만들면 정말 맛있어요 얼갈이들깨무침 레시피,"얼갈이손질전 무게 손질전 무게, 다진마늘 2/3T, 국간장 1T, 갈은깨 1.5T, 들기름 1.5T, 고운 들깨가루 3T, 고운소금소금은 기호에 맞게 조절 소금은 기호에 맞게 조절",420,12,12,36
https://www.10000recipe.com/recipe/7004418,참나물 된장무침 만들기,"참나물 130g, 고추장 1/3스푼, 다진 마늘 1/2스푼, 된장 1/2스푼, 참기름 2스푼, 깨 조금",180,8,6,15
https://www.10000recipe.com/recipe/6995956,생일상으로 딱 <하트맛살전> : 사랑하는 마음을 담아서 짜란,"맛살 10개, 계란 2개, 참치캔 1개, 청양고추 2개, 양파 1/4개, 소금 1꼬집, 후추 1꼬집",540,12,52,30
https://www.10000recipe.com/recipe/6983042,쪽파계란말이 만들기-딸에게#,"계란 4개, 미림 1/2t, 참치액 1/2t, 쪽파 10줄기, 기름 적당량",320,3,28,21
https://www.10000recipe.com/recipe/6992063,"내 인생 레시피,친정 엄마표 “파채무침”","잔파 12대, 양파 1개, 식초 4큰술, 간장 2큰술, 설탕 2큰술, 고춧가루 6큰술, 참기름 4큰술, 통깨 2큰술",1120,94,18,76
https://www.10000recipe.com/recipe/6957003,단짠단짠 마성의 베이컨덮밥♡,"베이컨 6장, 양파 1/2개, 진간장 1스푼, 설탕 1스푼, 맛술 1스푼, 다진마늘 1스푼, 굴소스 1/2스푼",1020,27,45,80
https://www.10000recipe.com/recipe/6933414,#최애반찬#소세지강정,"비엔나 소세지 30개, 양파 1개, 캐첩 5큰술, 간장 1스푼, 설탕 1스푼, 식초 1스푼, 굴소스 1스푼, 올리고당 1스푼",3150,180,150,210
https://www.10000recipe.com/recipe/7030325,도토리묵무침,"도토리묵 1팩, 대파 약간, 참기름 1스푼, 조미김 3장, 통깨 1스푼, 소금 약간, 후춧가루 약간",300kcal,20g,15g,20g
https://www.10000recipe.com/recipe/7036904,우삼겹 콩나물 불고기,"우삼겹 300g, 콩나물 400g, 고추장 4T, 진간장 3T, 맛술 3T, 설탕 3T, 간마늘 3T, 다시다 1T, 후추 톡톡 2꼬집",2380,144,156,132
https://www.10000recipe.com/recipe/6994258,[밑반찬] 10분 밑반찬 딱딱하지않고 부드러운 오징어채,"오징어채 300g, 소주또는 맛술 또는 맛술, 마요네즈 1큰술, 식용유 2큰술, 다진마늘 1/2큰술, 고추장 1큰술, 고추가루 1/2큰술, 간장 1큰술, 올리고당 1큰술, 설탕 1큰술, 마요네즈 1큰술, 참기름 1/2큰술, 깨 1/2큰술",1020,23,57,80
https://www.10000recipe.com/recipe/7011685,베이컨 떡말이 어린이 간식 간단 술안주,"떡볶이떡 20개, 베이컨 10줄, 파슬리 조금, 머스타드 조금",3200,640,100,60
https://www.10000recipe.com/recipe/7039745,카레 부추 볶음밥,"밥 600g, 카레가루 4스푼, 버터 30g, 올리브유 6스푼, 부추 150g, 마늘 1스푼, 통깨 약간, 달걀 3개, 식용유 2스푼",3150,297,63,195
https://www.10000recipe.com/recipe/7035098,새콤달콤 무생채 레시피 아삭한 무생채 만드는 법,"무 600g, 고춧가루 3큰술, 식초 3큰술, 설탕 2.5큰술, 까나리액젓 2큰술, 다진마늘 1큰술, 다진대파 4큰술, 소금 1작은술, 깨 적당량",420,78,15,6
https://www.10000recipe.com/recipe/7001752,아이 반찬 콩나물 & 크래미 무침 - 아이들 콩나물과 친해져요.,"콩나물 300g, 크래미 140g, 대파 조금, 소금 1/2수저, 들기름 1수저, 깨소금 1수저",540,33,45,27
https://www.10000recipe.com/recipe/7020127,베이컨 반찬 베이컨숙주볶음 레시피,"베이컨 100g, 숙주 3줌, 청양고추 1개, 대파 1/2대, 식용유 약간, 통깨 약간, 쪽파 송송, 간장 0.5T, 맛술 1T, 굴소스 1T, 다진 마늘 0.5T, 올리고당 0.5T",540,17,23,42
https://www.10000recipe.com/recipe/7045765,"4.봄 곰취 장아찌(ft.면역력 올리기,계절음식)(2025.2.24)","잎넓은 곰취 15장, 홍고추 2개, 청양고추 2개, 정종 2스푼, 다시마우린물 1.5컵, 진간장또는 맛간장 또는 맛간장, 사탕수수 원당 2스푼, 매실액 1/2컵, 환만식초 1/2컵",320,74,5,1
https://www.10000recipe.com/recipe/7042590,시금치 오일 파스타 레시피,"시금치 1/3단, 새우중 중, 방울토마토 1줌, 통마늘 1줌, 파스타면500원 동전 크기 500원 동전 크기, 소금 1T, 후추 톡톡톡, 참치액 1.5T, 올리브유 넉넉히",650,70,25,30
https://www.10000recipe.com/recipe/7018178,유아반찬~굴소스어묵소세지볶음!,"납작 어묵 4~5장, 프랑크소세지 4~5개, 대파 1/2개, 올리브유 2~3큰술, 다진마늘 1작은술, 굴소스 1큰술, 올리고당 2큰술, 참기름 조금, 통깨 조금",1120,38,52,85
https://www.10000recipe.com/recipe/7030722,가지나물,"가지 3개, 마늘 1/2스푼, 쪽파 3줄기, 깨소금 2스푼, 국간장 2스푼, 참기름 1스푼, 소금 2꼬집",210,30,6,8
https://www.10000recipe.com/recipe/6912734,버섯으로 관자 느낌 내는 방법! 새송이버섯간장버터구이 만들기,"새송이버섯 2개, 버터 30g, 어린잎채소, 간장 1T, 맛술 1T, 올리고당 1/2T",186,13,4,13
https://www.10000recipe.com/recipe/7038084,견과류 품은 멸치볶음; 잔멸치 볶음 손이 가요 손이가~,"잔멸치 200g, 아몬드 70g, 호두 70g, 진간장 2t, 올리브오일 3t, 올리고당 3t, 설탕 1t, 맛술 2t, 마요네즈 1t, 통깨 1t",1740,53,94,135
https://www.10000recipe.com/recipe/7003451,"간단하게 만드는 밥도둑, 팽이버섯두부조림","두부 1모, 팽이버섯 1봉, 대파 15cm, 간장 3숟가락, 맛술 1숟가락, 다진 마늘 1숟가락, 올리고당 2숟가락, 고춧가루 2숟가락, 후추 약간",540,50,40,20
https://www.10000recipe.com/recipe/7014762,[공모전] 뜨끈한 국물요리 소고기미역국,"소고기 국거리용 300g, 미역 4인분, 참기름 2스푼, 소금 약간, 국간장 1스푼",1050,23,84,69
https://www.10000recipe.com/recipe/7042638,버섯계란누룽지죽,"누룽지 140g, 물 500ml, 팽이버섯 1봉지, 계란 2개, 대파 1/2대, 다시마멸치 액젓 2큰술, 연두 2큰술, 참기름 2큰술, 깨 조금",1025,94,53,50
https://www.10000recipe.com/recipe/6984423,간단하고 맛있게 대파소시지달걀볶음밥 만들기,"대파 1/2개, 소시지 14개, 달걀 1개, 밥 1공기, 진간장 1숟갈, 굴소스 1숟갈, 소금 톡톡, 후추 톡톡, 참기름 1숟갈",1025,77,41,63
https://www.10000recipe.com/recipe/7018922,"크래미에 깻잎을 말아 구운 향긋한 전요리, 크래미깻잎전","크래미 1팩, 깻잎 6장, 달걀 2개, 부침가루 3숟가락, 소금 약간, 식용유 약간",1020,97,47,50
https://www.10000recipe.com/recipe/6981985,다이어트 식단 브로콜리 두부무침 만드는 법,"브로콜리 1송이, 두부 1/2모, 다진마늘 1작은술, 간장 1큰술, 멸치액젓 1큰술, 참기름 1큰술, 깨소금 조금, 밀가루 1큰술, 소금 1작은술, 식초 1큰술",315,23,24,16
https://www.10000recipe.com/recipe/7006705,알배추 두부참치롤 도리돌돌 말면 한입컷,"알배추 1/4, 두부 1/2모, 참치 1/2캔, 계란 2개, 소금 톡톡, 후추 톡톡",460,10,45,26
https://www.10000recipe.com/recipe/7007710,두부소보로덮밥 고소해서 자꾸 먹고 싶어지는 맛,"두부 1/2모, 대파 1/3, 진간장 2스푼, 굴소스 1스푼, 올리고당 1스푼, 계란노른자, 들기름 1스푼, 깨소금 1꼬집",420,12,25,30
https://www.10000recipe.com/recipe/7007197,구운 참치 간장 주먹밥 레시피 / 아이들 입맛 저격! 자취생도 해먹기 좋은 초간단 주먹밥,"햇반 1개 210g, 참치 1/2캔, 간장 1.5T, 참기름 1T, 깨 약간, 후추 약간",540,53,31,22
https://www.10000recipe.com/recipe/7040785,[스팸마요덮밥] 업그레이드 비법소스로 간단히 만드는 한끼식사 | 신혼밥상,"스팸200g 200g, 계란 4개, 김가루 조금, 마요네즈 조금, 케첩 1+1/2T, 맛술 1+1/2T, 물엿 1+1/2T, 물 1+1/2T, 진간장 1/3T, 굴소스 1/3T",1230,33.5,86.5,84.5
https://www.10000recipe.com/recipe/7045621,초간단 참치 비빔밥,"참치캔 1캔, 상추 5장, 파로밥파로 30% 파로 30%, 볶음 고추장 1T, 참기름 1T, 달걀 1개",540,10,38,38
https://www.10000recipe.com/recipe/7044793,"라면스프를 이용한 간단한 해장레시피,누룽지라죽","누룽지 200g, 계란 1알, 라면스프 1개, 물 200g, 참기름 1T",620,50,20,35
https://www.10000recipe.com/recipe/7002422,우삼겹콩나물국 레시피,"우삼겹 250g, 콩나물 200g, 대파 약간, 고춧가루 2스푼, 맛술 1스푼, 국간장 2스푼, 액젓 1.5스푼, 다진마늘 1스푼",1050,32,68,75
https://www.10000recipe.com/recipe/6933760,♥[신혼밥상] 팽이버섯 덮밥,"팽이버섯 1봉, 대파 1줌, 양파 1/2개, 달걀 1개, 참기름 약간, 통깨 적당히, 간장 2숟가락, 굴소스 0.5숟가락, 설탕 0.5숟가락, 맛술 2숟가락, 물 3큰술",315,18,16,20
https://www.10000recipe.com/recipe/7014608,"10분컷, 아보카도 간장와사비 계란밥","밥 1공기 300g, 아보카도 1/2개, 계란 1개, 간장 2T, 와사비 0.5T",676,77,21,34
https://www.10000recipe.com/recipe/6992944,다이어트 식단 표에 넣기 좋은 원팬 양파 볶음밥,"양파 1/2개, 슬라이스 마늘 10개, 밥 1.5공기, 올리브오일 1큰술, 간장 1큰술, 후추 약간, 굴소스 1작은술, 깨 약간, 달걀, 닭가슴살",1050,97,97,33
https://www.10000recipe.com/recipe/6957535,[마늘종볶음]단짠단짠 자꾸만 손이가요~,"건새우 50g, 물 1/4컵, 마늘쫑 300g, 소금 1/3큰술, 설탕 2큰술, 간장 4큰술, 식용유 4큰술, 참기름 2큰술, 물엿 1.5큰술, 통깨 1큰술",1025,38.5,74.3,66.8
https://www.10000recipe.com/recipe/7004960,"밀가루 없이 두부도우로 피자만들기, 두부피자","두부 1모, 토마토소스 6숟가락, 양파 1/4개, 방울토마토 3개, 닭가슴살 1/4개, 모짜렐라 치즈 1/2종이컵",780,32,80,36
https://www.10000recipe.com/recipe/4030952,아삭아삭한 고추된장박이,"풋고추 10개, 된장 2T, 다진 마늘 1/3T, 송송썰은 대파 1T, 참기름 1/2T, 통깨 1/2T, 매실원액 1T, 설탕 1/3T",68.5,10.6,2.1,2.3
https://www.10000recipe.com/recipe/6915088,밥도둑 반찬 고추장 달걀조림 만들기!TV 알토란 레시피,"달걀 10개, 양파 1개, 청양고추 3개, 쪽파또는 대파 또는 대파, 멸치육수 1.5컵, 고추장 2T, 고춧가루 3T, 진간장 4T, 설탕 2T, 물엿 3T, 참기름 2T, 깨 1T, 후추 1ts",1870,123,116,108
https://www.10000recipe.com/recipe/6843136,달콤 짭조름♡ 떡 베이컨 간장조림♡,"베이컨, 대파, 떡, 간장, 참기름, 물엿, 기름",1250,90,35,80
https://www.10000recipe.com/recipe/7022766,명란으로 감칠맛 더한 다이어트 한 끼! 명란오이비빔밥,"명란 1개, 오이 1/2개, 밥 1/2공기, 달걀 1개, 두부 1/3모, 간장 1/2T, 들기름 1/2T",380,38,23,15
https://www.10000recipe.com/recipe/6997077,양배추오믈렛..,"계란 3개, 양배추 1줌, 소금 2꼬집, 모짜렐라치즈 적당량, 카놀라유 적당량, 케찹 적당량",1020,20,68,78
https://www.10000recipe.com/recipe/7011840,간단 콩나물반찬 콩나물요리 매운 콩나물무침 빨간 콩나물무침,"콩나물 250g, 대파 흰부분 1/3개, 물 1컵, 소금 1스푼, 식용유 1스푼, 고춧가루 1스푼, 국간장 0.5스푼, 참기름 1스푼, 깨소금 1스푼, 소금 3티스푼",315,23,10,20
https://www.10000recipe.com/recipe/7009241,매콤오이채무침 레시피 한끼반찬 오이요리,"가시오이 1개, 고춧가루 1T, 국간장 1T, 참기름 1T, 통깨",85,4,2,7
https://www.10000recipe.com/recipe/7042593,애호박전 꽃보다 예쁘게 만드는 레시피,"애호박 2개, 계란 3개, 홍고추 1개, 소금 1/2작은술, 참치액젓 1/2큰술, 부침가루 4큰술, 식용유 3큰술",1165,92,52,68
https://www.10000recipe.com/recipe/7022709,이유식 큐브 이용 소고기 순두부 죽,"밥4배죽 4배죽, 오트밀4배죽 4배죽, 소고기 40g, 순두부 175g, 새송이 30g, 브로콜리 30g, 채수 육수또는 물 또는 물",540,64,38,14
https://www.10000recipe.com/recipe/7044033,우엉조림 우엉채조림 황금레시피,"우엉 400g, 다시마 3조각, 진간장 5큰술, 설탕 1큰술, 물엿 3큰술, 식용유 1큰술, 들기름 2큰술, 통깨 솔솔, 물 200ml",1096,158,16,45
https://www.10000recipe.com/recipe/6907091,초간단 5분반찬!아삭아삭 '고추쌈장무침',"오이고추 6-7개, 쌈장 1T, 고춧가루 1/2T, 올리고당 1T, 참기름 1T, 다진마늘 1/2T, 깨 1T",105,10,2,7
https://www.10000recipe.com/recipe/6962486,[다이어트요리] 새싹 두부 비빔밥 만드는 법,"두부 100g, 새싹채소 50g, 현미밥 2/3공기, 고추장 1큰술, 꿀 1작은술, 다진마늘 1작은술, 참기름 1작은술, 참깨 1작은술, 매실액 1작은술",315,47,12,8
https://www.10000recipe.com/recipe/7017649,다이어트식으로 딱 알배추 두부말이구이,"알배추 7장, 두부 1/4모, 간장 1T, 고추가루 0.5T, 다진마늘 0.5T, 청양고추 0.5T, 설탕 0.5T, 참기름 0.5T",215,15,15,12
https://www.10000recipe.com/recipe/7002329,상큼한 크래미 오이 숙주무침,"숙주 200g, 크래미 3개, 오이 1/2개, 마늘 1/2스푼, 설탕 1.5스푼, 식초 1.5스푼, 소금 2꼬집, 후추, 통깨, 참기름 1/2스푼",320,47,12,10
https://www.10000recipe.com/recipe/7025424,무조림 만들기,"고추장 3밥숟가락, 고춧가루 4밥숟가락, 진간장 4밥숟가락, 국간장 2밥숟가락, 다진마늘 2밥숟가락, 설탕 2밥숟가락, 된장 1티스푼, 멸치육수 4~5종이컵, 무일반사이즈1개 또는 작은사이즈 2개 일반사이즈1개 또는 작은사이즈 2개",0,0,0,0
https://www.10000recipe.com/recipe/7045583,술안주레시피 간단한 안주요리 더덕부추전 부추요리 부추전,"부추 1줌, 더덕 50g, 청양고추 2개, 달걀 2개, 식용유 약간, 튀김가루 1.5컵, 새우가루 1스푼, 멸치액젓 1스푼, 물 약간",1435,186,53,56
https://www.10000recipe.com/recipe/6983882,소떡강정 만드는 법 소떡소떡보다 만들기 쉬운 소떡강정레시피,"비엔나소세지 300g, 떡볶이떡 2줌, 식용유 적당량, 통깨 적당량, 고추장 1T, 간장 1T, 다진마늘 1T, 설탕 2T, 올리고당 2T, 케첩 3T",1740,234,45,75
https://www.10000recipe.com/recipe/7006608,애호박새우살볶음 한끼반찬 초스피드요리,"애호박 1개, 새우살 12마리, 참기름 2T, 다진마늘 1T, 국간장 1T, 통깨",420,18,38,22
https://www.10000recipe.com/recipe/6840157,자취라이프 평범한 단무지도 양념에 무쳐서 맛있게 먹자,"단무지 260g, 대파손가락 길이 손가락 길이, 통깨 1숟가락, 고추가루 1숟가락, 참기름또는 들기름 또는 들기름, 올리고당 1숟가락",156,13.6,2.6,10.2
https://www.10000recipe.com/recipe/7035725,가츠동 대신 비비고 만두로 계란 만두 덮밥 만들기,"만두 3개, 양파 1/2개, 달걀 2개, 간장진간장 양조간장 진간장 양조간장, 미림 1T, 설탕 1t, 멸치액젓 1t, 식용유 1T",1050,74,41,66
https://www.10000recipe.com/recipe/7043734,"간장 멸치볶음 만드는 법, 간단한 밑반찬 만들기","멸치 180g, 카놀라유 1T, 다진마늘 1T, 진간장 2T, 맛술 1T, 올리고당 1T, 깨 2T",1020,38,78,63
https://www.10000recipe.com/recipe/6978378,♥[신혼밥상]오독오독 매운팽이버섯,"팽이버섯 1봉지, 쪽파 약간, 청양고추 1~2개, 다진마늘 약간, 식용유 약간, 고추장 1스푼, 고춧가루 1/2스푼, 설탕 1스푼, 미림 2큰술, 간장 1스푼, 올리고당 1스푼, 물 2스푼",215,23,6,12
https://www.10000recipe.com/recipe/7016910,소고기무국,"소고기국거리 200g, 무 1/4개, 대파 넉넉히, 국간장 1스푼, 다진마늘 1스푼, 소금 약간, 참기름 2스푼, 쌀뜨물 5컵",1120,191,64,16
https://www.10000recipe.com/recipe/7006926,알배추무침 불 쓰지 말고 7분만에 뚝딱‼️ 만들어 보세요,"알배추 300g, 대파 흰부분 1토막, 된장 1큰술, 국간장 1/2큰술, 참기름 1큰술, 다진마늘 1작은술, 갈은 통깨 1큰술",255,17,12,16
https://www.10000recipe.com/recipe/6951564,간단하게 맛난 반찬 만들기 '베이컨 버섯볶음',"베이컨 5~6줄, 양파 1/2개, 미니새송이버섯 7개, 다진마늘 1t, 굴소스 1t",315,12,18,22
https://www.10000recipe.com/recipe/7042695,초간단 시원한 된장 배춧국 레시피,"알배추 7장, 육수코인/ 다시팩 육수 가능 코인/ 다시팩 육수 가능, 된장 2스푼, 다진마늘 1스푼, 고춧가루 1스푼, 청양고추홍/청고추 1개씩 홍/청고추 1개씩, 대파 1/2개, 고운소금마지막 간 보며 넣기 마지막 간 보며 넣기",210,31,14,3
https://www.10000recipe.com/recipe/6830616,배추 된장 들깨무침,"배추 10장, 된장 1ts, 들깨 1Ts, 참기름 1ts",105,6,6,7
https://www.10000recipe.com/recipe/6975337,순두부찜 (다이어트음식에 아주 좋은 순두부요리),"순두부 1개, 대파 1/2대, 홍고추 1개, 다진 마늘 0.5T, 진간장 2T, 참치액 1T, 맛술 1T, 참기름 1T, 통깨 1T, 고춧가루 1T",540,19,38,34
https://www.10000recipe.com/recipe/6897383,스팸 돈부리덮밥!반찬이 필요없는 초간단 한그릇 요리,"스팸(小) 1캔, 양파 1개, 계란 2개, 대파 약간, 간장 4T, 설탕 2T, 물 2/3종이컵",1690,74,108,108
https://www.10000recipe.com/recipe/7010409,대패 우유 카레우동 레시피,"우동면 1개, 양파 1/2개, 우유 300ml, 고체카레또는 카레가루 1개 / 또는 카레가루 1개 /, 대패삼겹살 100g",1050,70,55,60
https://www.10000recipe.com/recipe/6913952,목우촌 집반찬 간편요리 마늘쫑 소시지 볶음,"프랑크소시지 1개, 마늘쫑 1단, 간장 2, 올리고당 1, 참기름 1, 통깨",380,10,15,30
https://www.10000recipe.com/recipe/6875304,고소하고 향긋한 깻잎들깨볶음,"깻잎, 대파, 다진마늘 1T, 국간장 1T, 참기름 1T, 들깨가루 2T, 깨",120,6,4,8
https://www.10000recipe.com/recipe/7025912,토마토 달걀볶음/방울토마토,"달걀 2개, 방울토마토 5~6개, 다진파 1/2T, 다진마늘 1/3T, 간장 1/3T, 식용유 1T, 소금 1/2꼬집, 후추 조금",234,9,12,17
https://www.10000recipe.com/recipe/6918934,갈릭마요새우 간단히 만들어 먹는 술안주!,"새우 1공기, 다진마늘 1큰술, 마요네즈 4큰술, 설탕 1큰술, 버터 1/2큰술, 후추 약간, 소금 약간, 파슬리가루 약간",540,8,28,44
https://www.10000recipe.com/recipe/7014484,NO밀가루! 감자치즈호떡 아이들 간식으로 딱 좋아요.,"감자 3-4개, 피자치즈 1종이컵, 마요네즈 1숟가락, 설탕 1/2숟가락, 소금 1/2숟가락, 전분가루 1숟가락, 버터 약간",1200,100,40,70
https://www.10000recipe.com/recipe/7026723,마요네즈 스팸계란볶음밥 레시피,"공기밥 2T, 계란 2알, 식용유 2T, 스팸 150g, 마요네즈 2T, 간장 2T, 통깨 1T",1430,92,53,96
https://www.10000recipe.com/recipe/6877253,비엔나 만두 강정,"만두교자만두/물만두 교자만두/물만두, 비엔나소세지 작은거 1봉, 물 1T, 간장 1T, 고추장 2T, 케찹 2T, 올리고당 1.5T, 다진마늘 1t, 참기름 약간, 깨 약간",1120,74,40,75
https://www.10000recipe.com/recipe/7042351,아삭한 콩나물무침!,"콩나물 300~400g, 대파 조금, 데칠때 생강술맛술 맛술, 고추가루 1큰술, 다진마늘 1작은술, 맛소금가는소금 가는소금, 참기름 1큰술, 통깨 조금",320,45,15,10
https://www.10000recipe.com/recipe/6885909,【간단반찬】꽈리고추 햄볶음 만들기~,"꽈리고추 20개, 햄 140g, 양파 1/2개, 진간장 2T, 굴소스 1/2T, 마늘 3쪽, 올리고당 2T, 식용유 1T, 참기름 1T",1035,58,31,77
https://www.10000recipe.com/recipe/6966445,파프리카달걀볶음:초간단 저탄고지 다이어트 단백질식사,"파프리카 1개, 달걀 3개, 양파, 현미유 조금, 소금 조금, 후추 조금, 파슬리가루",387,18,19,28
https://www.10000recipe.com/recipe/7036790,류수영 어묵국수 만들기 참치액으로 끝!,"사각어묵 4장, 대파 1대, 소면 200g, 물 1L, 참치액 3큰술, 후추 10바퀴",1120,200,60,10
https://www.10000recipe.com/recipe/6946282,깐풍기맛 나는 깐풍두부!,"두부 1모, 대파, 청양고추 2개, 물 2T, 굴소스 2T, 식초 2T, 고춧가루 1T, 다진마늘 1T, 설탕 1T, 진간장 1T",320,29,23,12
https://www.10000recipe.com/recipe/6991245,참치양파볶음 (초간단 초스피드 반찬 레시피),"참치캔 150g, 양파 1/2개, 대파 1/3대, 청양고추 1개, 통깨 약간, 식용유 1T, 고춧가루 1T, 설탕 0.5T, 진간장 1T",415.5,16.9,31.6,25.6
https://www.10000recipe.com/recipe/7002301,고소하고 짭짤한 초간단 명란버터우동,"우동면 1인분, 명란젓 1개, 쪽파 1줄, 버터 1조각, 달걀 1개, 김가루 약간, 쯔유 1숟가락",650kcal,70g,25g,30g
https://www.10000recipe.com/recipe/6897374,꿀마늘 닭강정(아이들 단골메뉴 찜♡♡),"닭봉500그램 500그램, 파프리카 조금, 간장 2숟가락, 설탕 2숟가락, 꿀 3숟가락, 마늘 15개, 후추가루 조금",1650,108,108,90
https://www.10000recipe.com/recipe/6952025,무볶음 만들기,"무 1/2쪽, 대파 약간, 들기름 3스푼, 맛소금 1t, 마늘 1스푼, 깨 1스푼",150,7,2,12
https://www.10000recipe.com/recipe/7002427,돼지고기감자조림 밥통이 거덜날 수 있어요,"감자 3개, 돼지고기 앞다리살 250g, 양파 1/2개, 청양고추 3개, 대파 1/2대, 다진마늘 1큰술, 참치액젓 1큰술, 진간장 1.5큰술, 설탕 1.5큰술, 맛술 2큰술, 고춧가루 1큰술, 고추장 1큰술",1395.5,94.6,94.3,70.1
https://www.10000recipe.com/recipe/6846168,초간단 럭셔리요리@ 매콤참치퀘사디아,"또띠아 2장, 참치캔 1개, 치즈 취향껏, 양파 0.5개, 청양고추 1개, 토마토소스 4T",780,70,40,35
https://www.10000recipe.com/recipe/6894755,만물상에 소개된 불 없이 5분만에 만든 오징어채 황금 레시피!,"진미채크게 크게, 고추장 1T, 고추가루 1T, 간장 1T, 다진마늘 1T, 깨 1T, 참기름 1T, 올리고당 2T, 마요네즈 0.5T, 물 2T",315,17,6,24
https://www.10000recipe.com/recipe/2399193,매콤하게 즐기는 새우당면 덮밥,"불린 당면150g 정도 150g 정도, 새우 20마리, 양파 1/2개, 대파 1/2대, 다진마늘 1큰술, 고추기름 1큰술, 참기름 1큰술, 멸치다시마물 1/2컵, 설탕 1/2큰술, 고추장 1큰술, 굴소스 1큰술, 맛술 2큰술, 후추 약간",1035,123,64,33
https://www.10000recipe.com/recipe/6990828,"5분 컷 세상 간단한 달걀요리, 우유달걀카레","달걀 2개, 우유 2숟가락, 마늘 4개, 양파 1/4개, 버터 1조각, 물 1.5종이컵, 카레가루 3숟가락, 소금 약간",632,31,29,44
https://www.10000recipe.com/recipe/7027008,고추장 대신 된장소스 곁들인 감칠맛 가득 부추비빔밥,"부추 50g, 참치85g 85g, 달걀 1개, 밥 1공기, 된장15g 15g, 식초5g 5g, 다진마늘5g 5g, 청양고추 1/3개, 들기름7g 7g, 매실청6g 6g",482.5,45.9,31.6,17.9
https://www.10000recipe.com/recipe/6989041,대파 싫어하는 아이들도 잘 먹는 대파 냉파스타 만들어 보세요.,"대파 2대, 푸실리면 100g, 간장 2숟가락, 올리브오일 1숟가락, 참기름 0.5숟가락, 올리고당 1숟가락, 식초 1숟가락, 다진 마늘 0.5숟가락",380,47,6,19
https://www.10000recipe.com/recipe/7027794,입맛 없는 여름에 딱 좋은 한 끼! 오이고추 비빔밥,"오이고추 3개, 참치작은캔 작은캔, 김가루 약간, 통깨 약간, 된장 1T, 들기름 2t, 다진마늘 1t, 매실청 1t, 식초 1t",315,13,29,17
https://www.10000recipe.com/recipe/6996297,고구마떡 고구마씨를 말릴 수 있는 위험한 레시피,"고구마 1개, 설탕 5큰술, 감자전분 3큰술, 모짜렐라치즈 적당량, 식용유 3큰술",1165,144,16,61
https://www.10000recipe.com/recipe/7023517,알배추샐러드 젓갈 없이 가볍게 드세요 정말 맛있어요~ ‼️,"알배추 300g, 오이 1/2개, 홍고추 1개, 물 2큰술, 진간장 2큰술, 식초 1.5큰술, 설탕 1큰술, 고춧가루 1큰술, 올리브유 1큰술",215.5,19.9,5.6,13.1
https://www.10000recipe.com/recipe/7032267,계란 참치전 만드는법 간단한 밥반찬 야채 참치전 레시피,"참치150g 150g, 계란 2개, 양파 1/2, 대파흰부분 10cm 흰부분 10cm, 당근 1/3, 팽이버섯150g 150g, 소금, 후추 소량, 전분가루 2T",570,29,47,28
https://www.10000recipe.com/recipe/6910706,재료도 방법도 초간단! 떠먹는 치즈감자,"감자 2개, 베이컨 4줄, 모짜렐라 치즈 1주먹, 우유 2T, 후추 1꼬집",1025,68,58,63
https://www.10000recipe.com/recipe/6891606,백종원의 부추 달걀 볶음,"부추 1줌, 달걀 4개, 식용유 2큰술, 밥 2공기, 굴소스 1큰술, 참기름 1큰술",1234,116,45,60
https://www.10000recipe.com/recipe/6924130,쉽고간단한 시금치양파계란볶음!,"시금치 1줌, 양파 1/2개, 계란 3개, 소금 1작은술, 올리브유 2큰술, 통깨 조금",460,15,25,35
https://www.10000recipe.com/recipe/6895591,쫄깃하고 맛있는 두부볶음 레시피!다이어트 요리로도 좋아요,"부침용 두부 1모, 다진마늘 1T, 고추장깍아서 깍아서, 간장 1T, 굴소스 1/2T, 올리고당 2T, 참기름 1T, 깨 1T",380,18,24,24
https://www.10000recipe.com/recipe/7030846,칼라 방울 토마토 바질 매실청 마리네이드,"칼라 방울토마토 400g, 바질 10g, 레몬 1/2개, 매실청 200ml, 물 150ml, 올리브오일 50ml, 레몬즙 4큰술",1030,94,7,72
https://www.10000recipe.com/recipe/6918383,달콤한 양파속에 꼭꼭 숨은 닭가슴살,"닭가슴살 50g, 달걀 3개, 양파 2개, 각종자투리 야채 100g, 소금 약간",380,18,53,10
https://www.10000recipe.com/recipe/6988775,오이무침 (5분이면 완성하는 반찬레시피),"오이 1개, 쪽파 6대, 고춧가루 2T, 멸치액젓 2T, 매실청 1.5T, 다진 마늘 1T, 통깨 1T",109,17.6,4.6,2.9
https://www.10000recipe.com/recipe/7040553,[매콤감자조림] 간단하고 매콤한 감자 요리 레시피 | 신혼밥상,"감자 큰 거 2개, 양파 1/2개, 파 1/4개, 고춧가루 1T, 다진마늘 1T, 올리고당 2T, 간장 2T, 맛술 1T, 들기름 1T, 고추장 2T, 참치액젓 1T, 물 400ml",1024,148,27,35
https://www.10000recipe.com/recipe/6869489,매콤버섯덮밥~한그릇,"느타리버섯 80g, 양파 60g, 대파 1대, 밥 1공기, 참깨 약간, 간장 1.5숟가락, 물 3숟가락, 고추가루 2숟가락, 참기름 1/2숟가락, 설탕 2/3숟가락",345,63.5,10.7,5.9
https://www.10000recipe.com/recipe/6869017,【반전의맛】스팸 양배추 덮밥 만들기~,"양배추 2주먹, 양파 1/2개, 대파 10cm, 스팸 100g, 땡초 2개, 다진마늘 1/2T, 간장 2T, 굴소스 1T, 참기름 1T, 설탕 1/2T, 후추 2번, 물 5T",420,38,18,22
https://www.10000recipe.com/recipe/6959420,톡 쏘는 맛이 매력인 새콤달콤 닭고기 냉채 : 더워서 입맛 없을 때 무조건 이 메뉴!,"닭고기 100g, 양배추채 1줌, 파프리카 1개, 연겨자 1/2밥숟갈, 간장 1밥숟갈, 물 1밥숟갈, 식초 1밥숟갈, 매실청 1밥숟갈, 꿀 1밥숟갈, 다진마늘 1/2밥숟갈, 통깨 1밥숟갈",273,15,27,11
https://www.10000recipe.com/recipe/6881099,완전맛있는 차돌박이찜! 미소된장마요소스도 함께~,"차돌박이 10장, 깻잎 5장, 팽이버섯 1묶음, 숙주나물 1주먹, 미소된장 1큰숟갈, 마요네즈 1숟갈, 올리고당 1숟갈, 다진마늘 0.5숟갈, 고춧가루 0.3숟갈, 청양고추다진것 다진것, 물 2숟갈",320,15,25,18
https://www.10000recipe.com/recipe/7035279,감칠맛 가득 밥반찬 애호박 새우마요 볶음,"새우 300g, 애호박 1개, 올리브유 2T, 참기름 2T, 맛술 1T, 간장 1T, 마요네즈 3T, 와사비 1t, 후추 약간, 쪽파 약간",1050,23,68,78
https://www.10000recipe.com/recipe/6834258,초간단 연두부반찬,"연두부, 다진파, 다진청양고추, 다진마늘, 간장 1~2스푼, 고춧가루 조금, 깨소금 조금, 참기름",250kcal,10g,20g,15g
https://www.10000recipe.com/recipe/6988709,차가워도 맛있는 추억의 급식달걀찜,"달걀 7개, 당근 1/4개, 양파 1/4개, 쪽파 4대, 참치액 1숟가락, 맛술 1숟가락, 소금 1/4숟가락, 통깨 1/2숟가락, 물 200ml",1045,31,86,64
https://www.10000recipe.com/recipe/6939980,쫄깃 매콤한 백종원 느타리 두루치기,"느타리버섯 300g, 양파 1/2개, 애호박 1/4개, 고추 1개, 대파 1개, 고추장 1T, 고춧가루 1T, 간장 3T, 설탕 1.5T, 다진 마늘 1스푼, 참기름 1스푼",420,63,15,12
https://www.10000recipe.com/recipe/6984643,콜레스테롤 수치를 낮춰주는 초간단 양파 간장 볶음 만드는 법,"양파 2개, 대파 1/2대, 간장 1.5큰술, 식용유 1큰술, 통깨 조금",155,12,3,11
https://www.10000recipe.com/recipe/6892209,볶아 먹는 시금치도 맛있다♪ 시금치달걀볶음,"시금치 1/2단, 달걀 3알, 기름 2-3T, 다진파 1줌, 소금 3꼬집",540,10,30,42
https://www.10000recipe.com/recipe/6868389,치킨너겟으로 간편하게 간장치킨 만들기,"치킨너겟 20개, 견과류아몬드or땅콩 / 생략 가능 아몬드or땅콩 / 생략 가능, 진간장 3밥수저, 설탕 2밥수저, 올리고당 3밥수저, 다진 마늘 1밥수저, 매실액 1밥수저, 맛술 2밥수저, 물 3밥수저",2500,150,100,120
https://www.10000recipe.com/recipe/6881815,칠리새우ㅣ쉬림프 박스 만들기,"칵테일 새우 1종이컵, 다진마늘 1스푼, 버터 1조각, 식용유 2스푼, 케찹 2스푼, 고추가루 1스푼, 설탕 1스푼, 간장 1스푼, 식초 1스푼, 물 약간",380,15,20,25
https://www.10000recipe.com/recipe/7020587,휘리릭 볶아 완성하는 감자볶음 만들기,"감자 2, 스팸 100g, 당근 소량, 양파 소량, 다진마늘 1큰술, 식용유, 참기름, 깨소금",1025,68,27,73
https://www.10000recipe.com/recipe/7039682,[가지양념구이] 간단하지만 맛있는 황금레시피 | 신혼밥상,"가지 2개, 물 60ml, 밀가루 2T, 진간장 2T, 식초 1T, 다진마늘 1/2T, 꿀 2T, 물 3T, 청양고추 조금",315,68,7,1
https://www.10000recipe.com/recipe/6887226,저칼로리 된장 참치 양배추롤 만들기 w. 한길식품,"양배추 6장, 참치 1캔, 양파 1/4개, 애호박 1/4개, 버섯 조금, 쪽파 조금, 된장 1t, 고추장 1t, 다진마늘 1t, 물 1/2컵",315,23,33,9
https://www.10000recipe.com/recipe/6922700,새우 부추전ㅣ집들이용으로도 손색 없는!,"칵테일 새우 20마리, 부추 1/5단, 부침가루 5큰술, 청양고추 2~3개, 물 1/2종이컵, 소금 1/2작은술",1020,155,70,15
https://www.10000recipe.com/recipe/1802633,베이컨떡꼬치,"떡볶이떡, 베이컨, 소금, 블랙페이퍼(흑후추)",1200,240,40,20
https://www.10000recipe.com/recipe/7042698,가지볶음 황금레시피 굴소스 없이 간장가지볶음 만들기,"가지 2개, 대파 2숟가락, 양파소 소, 식용유 2숟가락, 참기름 0.5숟가락, 통깨 1숟가락, 진간장 3숟가락, 맛술 2숟가락, 다진마늘 1숟가락, 올리고당 1숟가락",420,38,6,28
https://www.10000recipe.com/recipe/6969794,♥[신혼밥상] 소시지양배추덮밥,"양배추 1/4통, 후랑크 소시지 3~4개, 대파 1대, 달걀 3개, 후춧가루 적당히, 올리브유 적당히, 참기름 1티스푼, 통깨 적당히, 밥 2인분, 굴소스 1숟가락, 진간장 2큰술, 설탕 1숟가락, 맛술 2큰술",1660kcal,132g,64g,96g
https://www.10000recipe.com/recipe/6948513,"달콤 짭짤 고소, 입맛을 사로 잡는 '베이컨 덮밥'","베이컨 3줄, 밥 1공기, 양파 1/3개, 계란 노른자 1개, 간장 1t, 설탕 1t, 맛술 1t, 굴소스 1/2t, 다진마늘 1/2t, 후추 톡톡",605,47,21,35
https://www.10000recipe.com/recipe/7038405,순살 생선으로 만드는 덮밥 /생선간장조림 덮밥 전분 소스,"순살 대구 400g, 소금 조금, 감자전분 2큰술, 다진마늘 0.5큰술, 설탕 0.5큰술, 진간장 2큰술, 물 3큰술, 맛술 2큰술, 꿀 1바퀴, 식용유 적당량",1040,47,88,52
https://www.10000recipe.com/recipe/6952286,손님 초대용으로도 좋은 유산슬느낌 청경채부추새우덮밥,"청경채 4뿌리, 부추 1줌, 새우 12마리, 버섯 1~2줌, 양파 1/2개, 다진마늘 1T, 청양고추 2개, 식용유 3T, 굴소스 1T, 간장 1T, 참기름 1T, 소금선택 선택, 후추 조금, 전분가루 1T, 물 250ml",620,31,38,39
https://www.10000recipe.com/recipe/7035901,백종원 오삼불고기 만드는 법 오징어삼겹살볶음 밥반찬 술안주 손님초대요리 feat. 오징어 삼겹살,"손질오징어 1마리, 삼겹살250g 250g, 양파 1/2개, 통마늘 10개, 대파 1/3개, 청양고추 1개, 홍고추생략가능 생략가능, 맛술 3T, 진간장 3T, 고춧가루 2.5T, 황설탕 1.5T, 다진 마늘 1/2T, 고추장 1/2T, 참기름 1T, 통깨 1/2T",2150,58.5,157.5,144.5
https://www.10000recipe.com/recipe/6930302,고소하고 상큼한 일본식 오이토마토무침,"오이 1개, 완숙토마토 1개, 꽃소금 약간, 설탕 2작은술, 깨소금 2큰술, 현미식초 2작은술, 양조간장 1큰술, 참기름 1작은술",94,14,2,4
https://www.10000recipe.com/recipe/6965981,계란 당면만두 아이들 반찬으로 좋아요,"계란 3개, 당면 1줌, 당근 조금, 양파 조금, 쪽파 조금, 청양고추 2개, 간장 1숟가락, 설탕 1숟가락, 참기름 0.5숟가락",620,45,27,37
https://www.10000recipe.com/recipe/6955413,메추리알은 곤약 하고 졸여야~ 맛있어용~ 쫀득쫀득 곤약이 일품~,"메추리알 300g, 곤약 300g, 당근 50g, 건표고 5g, 대파 40g, 물 300cc, 간장 120cc, 미림 120cc, 설탕 7스푼, 물 1L, 굵은소금 1스푼",1230,214,68,10
https://www.10000recipe.com/recipe/7042604,맛있는데 칼로리도 적은 [컵누들 마라샹궈] 만들기,"컵누들 마라탕 2개, 대패삼겹살 2인분, 버섯 2인분, 청경채 2개, 숙주 2인분, 고수 조금, 굴소스 2스푼, 고춧가루 3스푼",1850kcal,45g,120g,130g
https://www.10000recipe.com/recipe/6886357,초간단 아이반찬 오징어간장조림 아이밑반찬으로 좋아요,"1마리, 1개, 간장 3T, 맛술 0.5T, 다진마늘 1t, 생강가루 1번, 설탕 0.5T, 올리고당 1T, 참기름 1t, 통깨 톡톡, 물 6T, 후추 톡톡",0,0,0,0
https://www.10000recipe.com/recipe/6956954,"[다이어트요리] 에어프라이어에 맛있게 구운 ""닭가슴살꼬치""♪","생 닭가슴살 300g, 양파 70g, 파프리카 빨강 35g, 파프리카 노랑 35g, 파프리카 초록 35g, 허브솔트, 식용유 약간",540,19,75,18
https://www.10000recipe.com/recipe/6894323,고기처럼 쫄깃한 밥도둑 반찬 '새송이버섯 간장버터구이'레시피,"새송이버섯 3송이, 청양고추 1개, 대파 1/2대, 버터 1T, 간장 5T, 올리고당 2T, 다진마늘 1T, 참기름 1T, 물 2T",315,23,8,21
https://www.10000recipe.com/recipe/6885805,초간단 머그컵 퐁당 오 쇼콜라*.*,"초콜렛다크 추천 다크 추천, 설탕 3스푼, 카놀라유올리브유 빼고 올리브유 빼고, 계란 1개, 밀가루아무거나 아무거나, 핫초코가루 2스푼",1045,123,21,54
https://www.10000recipe.com/recipe/6980995,무기징역 고추장삼겹살 레시피,"고춧가루 2스푼, 고추장 2스푼, 맛술 2스푼, 설탕 2스푼, 다진마늘 2스푼, 진간장 3스푼, 깨 적당량, 양파 1/2개, 대파 1/2줄, 청양고추 3개, 삼겹살 600g",4560,92,276,348
https://www.10000recipe.com/recipe/7004853,순두부장 만들기,"순두부 2봉, 양조간장 130g, 생수 130g, 매실청 1T, 설탕 1T, 다진파 1줌, 마늘 2톨, 고추가루 2T, 참기름 1T, 통깨 1T",1020,97,64,42
https://www.10000recipe.com/recipe/6847470,담백한 새우연두부달걀탕,"연두부 1팩, 새우 10-12마리, 달걀 1개, 송송 썬 쪽파 1-2줌, 다시마5cm x 5cm 5cm x 5cm, 간장 1-1.5T",620,15,70,30
https://www.10000recipe.com/recipe/7023485,고추장 냉이무침 입안에 봄이 가득 맛있는 냉이요리 냉이손질법 냉이나물,"냉이 100g, 대파 1/4개, 소금 1/2큰술, 범일 고추장 1/2큰술, 간장 1/2큰술, 매실액 1/2큰술, 식초 1/2큰술, 다진마늘 1작은술, 참기름 1큰술, 통깨 1/2큰술",82.5,8.6,3.1,4.1
https://www.10000recipe.com/recipe/7020548,표고버섯꽈리고추볶음 장담합니다 앉은자리에서 뚝딱 사라지는 밑반찬,"표고버섯 200g, 꽈리고추 90g, 홍고추 1개, 양파 1/4개, 진간장 2큰술, 참치액 1/2큰술, 맛술 2큰술, 물엿 2큰술, 다진마늘 1큰술, 후추 톡톡",315,38,20,8
https://www.10000recipe.com/recipe/6916408,♥[신혼밥상] 10분 반찬! 메추리알조림,"메추리알 270g, 스팸 1/2캔, 청양고추 1~2개, 올리고당 1바퀴, 다진마늘 1커피스푼, 참기름 1스푼, 통깨 적당히, 간장 6스푼, 설탕 1.5스푼, 맛술 2스푼, 물 1종이컵",1230,64,74,77
https://www.10000recipe.com/recipe/7004080,부추무침 부추겉절이 밑반찬,"부추 100g, 액젓 1.5큰술, 올리고당 1/2큰술, 고춧가루 3큰술, 양파 130g, 국간장 1큰술, 매실액 1큰술, 깨 1큰술, 들기름 약간, 다진마늘 1큰술",235.5,23.6,5.9,13.4
https://www.10000recipe.com/recipe/6994439,두부조림보다 부드러운 매콤 순두부 요리,"순두부 1봉, 표고버섯 2개, 양파 1/2개, 대파 1/2대, 청양고추 1개, 참기름 1숟가락, 통깨 약간, 물 1종이컵, 고추장 2숟가락, 고춧가루 1숟가락, 간장 2숟가락, 맛술 1숟가락, 설탕 1/2숟가락, 다진마늘 1/2숟가락",540,38,33,28
https://www.10000recipe.com/recipe/6912739,아이반찬-얼갈이들깨무침,"얼갈이 300g, 소금 1/2큰술, 다진파 1큰술, 들깨가루 2큰술, 다진마늘 1/2큰술, 소금 1작은술, 들기름 1큰술",180,10,10,12
https://www.10000recipe.com/recipe/6932918,치킨너겟으로 만든 순살간장치킨 내 최애반찬♥,"치킨 너겟 1봉, 설탕 2큰술, 맛술 2큰술, 매실액 1큰술, 올리고당 3큰술, 간장 3큰술, 다진마늘 1큰술, 물 3큰술",1200,144,72,36
https://www.10000recipe.com/recipe/6922190,치킨 스테이크 만들기ㅣ굽네가 부럽지 않은ㅣ,"닭다리살 400g, 쯔유 2T, 소금 1/2t, 올리고당 2T, 다진마늘 2T, 통후추 1t, 올리브유 2T",1040,16,104,60
https://www.10000recipe.com/recipe/7013057,몽글몽글 부드러운 순두부 계란국 끓이는법,"순두부 350g, 계란 2개, 대파 1/2대, 양파 1/2개, 물 1L, 국간장 2스푼, 멸치 액젓 2스푼, 다진 마늘 1스푼, 참기름 약간, 후추 약간",1035,58,74,57
https://www.10000recipe.com/recipe/6899265,해물찜처럼 맛있는 백종원 소시지콩나물찜,"콩나물 1봉, 비엔나소시지 1봉, 대파 1대, 양파 1/2개, 믈 1종이컵, 고추장 2T, 고추가루 2T, 간장 4T, 설탕 1T, 간마늘 1T, 참기름 1T",1430,116,64,82
https://www.10000recipe.com/recipe/6886034,쫀득쫀득 일본식 감자떡 '이모모찌' 만들기,"감자 3개, 감자 전분 2스푼, 소금 1꼬집, 간장 1스푼, 올리고당 1스푼, 맛술 1스푼, 물 1스푼, 버터 1조각, 치즈 약간",780,120,15,25
https://www.10000recipe.com/recipe/6980900,오징어 간장조림 간단하지만 맛있다,"오징어 1마리, 꽈리고추 4~5개, 식용유 1T, 물 1/2소주잔, 통깨 약간, 식초 1T, 진간장 1T, 국간장 1/2T, 설탕 1/2T, 올리고당 1T, 다진마늘 1T, 참기름 1/3T, 후추 약간",345,15,30,18
https://www.10000recipe.com/recipe/7033699,맑은 콩나물국 끓이는법/ 간단 콩나물국 레시피,"콩나물 150g, 대파 15g, 홍고추12g 12g, 다진마늘 1큰술, 까나리액젓 1.5큰술, 참치액 1.5큰술, 동전육수 2개, 물 1.2리터",215.4,29.1,17.1,2.7
https://www.10000recipe.com/recipe/7043561,시금치 계란죽/든든한 한끼,"즉석밥작 작, 시금치 1줌, 쪽파 2줄, 계란 1개, 참기름, 깨, 소금 약간",450kcal,45g,20g,20g
https://www.10000recipe.com/recipe/6952146,"쉽고 맛있는 ""돼지고기 짜글이"" 만들기","돼지고기앞다리살 400g, 감자 3개, 양파 1개, 당근 1/3개, 애호박 1개, 청양고추 3개, 고추장 3스푼, 다진 마늘 1스푼, 설탕 2스푼, 진간장 1스푼, 소금 0.5스푼, 고춧가루 2스푼, 식용유 3스푼",2480,156,160,140
https://www.10000recipe.com/recipe/6898497,팽이버섯 베이컨 볶음,"팽이버섯 1줌, 베이컨 2줄, 대파 1/4대, 식용유 약간, 버터 1조각, 굴소스 1큰술",315,6,12,27
https://www.10000recipe.com/recipe/6969724,일본가정식 이모모찌 (감자떡),"감자 4개, 전분 2~3T, 우유 2T, 식용유 1T, 간장 2T, 설탕 2T, 미림 2T",1160,229,16,21
https://www.10000recipe.com/recipe/6871953,【스팸감자볶음만들기】,"감자중간사이즈 중간사이즈, 스팸 200g, 양파 1/2개, 진간장 2T, 물엿 2T, 물 3~4T, 식용유 1T, 참기름 1T",1165,92,27,78
https://www.10000recipe.com/recipe/6930961,양배추 참치덮밥 /Cabbage tuna bowl of rice,"참치캔 100g, 양배추 170g, 양파 1/2개, 대파 1대, 식용유 2Ts, 쌀밥 180g, 고춧가루 1Ts, 고추장 1Ts, 올리고당 1Ts, 굴소스 1Ts",715.6,97.6,31.9,22.6
https://www.10000recipe.com/recipe/7041117,눈사람 함박스테이크 감자샐러드로 홈파티 음식 다진 돼지고기로 간단하게,"돼지고기 다짐육 200g, 소고기 다짐육 200g, 양파볶은 다진 양파 볶은 다진 양파, 빵가루 2T, 간장 1T, 케첩 1T, 달걀 1개, 소금 조금, 후추 조금, 물 1/3컵, 양송이버섯 1줌, 양파 1/2개, 버터 20g, 간장 1T, 설탕 2.5T, 케첩 3T, 물 120g, 감자삶은 감자 삶은 감자, 마요네즈 적당량, 파마산치즈가루 적당량, 체다치즈 4장, 김 조금, 당근 조금, 검은깨 조금",2150,85,160,135
https://www.10000recipe.com/recipe/6863696,초간단 깻잎두부구이,"간장 2숟가락, 맛술 1숟가락, 참기름 1/2숟가락, 통깨 1숟가락, 깻잎 3장",45,1,2,4
https://www.10000recipe.com/recipe/7020260,아이들이 밥 두그릇씩 먹는 돼지고기 콩나물무침 만들어 봤어요.,"콩나물 1봉지, 대파 조금, 돼지고기 다짐육 150g, 굴소스 1스푼, 스테비아 1/3, 참기름 조금, 다진마늘 1스푼",540,18,38,35
https://www.10000recipe.com/recipe/6853446,오븐없이 만드는 갈릭버터치즈피자,"또띠아 2장, 버터 1수저, 다진마늘 1수저, 꿀 1수저, 피자치즈 적당량",1050kcal,84g,42g,63g
https://www.10000recipe.com/recipe/6901939,<찌망 요리레시피> 간단한 청경채 된장무침!,"청경채 7개, 된장 1/2숟갈, 참기름 1/2숟갈, 다진마늘 1/2숟갈, 깨 1/2숟갈, 소금 2꼬집",52,6,2,2
https://www.10000recipe.com/recipe/7028555,훈제오리의 감칠맛 가득담은 오일파스타,"파스타면 1인분, 훈제오리 130g, 시금치 100g, 페페론치노 1t, 올리브오일 1숟가락, 소금 1t, 마늘 1t, 진간장 1t, 참치액젓 1t, 설탕 1꼬집, 파마산치즈 약간",650,45,35,35
https://www.10000recipe.com/recipe/6884169,촉촉한 양배추에 닭가슴살+상큼 야채를 돌돌~담백하게 시작하는 일주일!닭가슴살 양배추말이,"양배추 8장, 닭가슴살 2개, 깻잎 8장, 빨간 파프리카 1/2개, 당근 1/4개, 새송이버섯 1개, 된장 1숟가락, 마요네즈 1숟가락, 참깨 1숟가락, 맛술 1숟가락, 설탕 1/2숟가락, 물 3숟가락",605,31,68,23
https://www.10000recipe.com/recipe/6919305,든든한 혼밥 돈까스김치나베,"돈까스 1장, 김치 1컵, 김치국물 1/2컵, 고춧가루 1스푼, 다진마늘 1/2스푼, 국간장 1.5~2스푼, 설탕 1~1.5스푼, 맛술 1스푼, 달걀 1~2개, 물 1/2컵",1025,58,63,60
https://www.10000recipe.com/recipe/6939082,면두부 새우오일파스타 다이어트에도 좋아요,"통마늘 7~10개, 새우 6~8마리, 올리브오일, 소금, 후추",350kcal,10g,25g,20g
https://www.10000recipe.com/recipe/7021091,다이어트 반찬 양배추크래미볶음,"양배추, 크래미, 당근, 간장, 다진마늘, 후추",320,25,20,15
https://www.10000recipe.com/recipe/6980888,부추나물 [향긋한 부추로 만든 초간단 나물요리! 부추를 맛있게 많이 먹을 수 있는 영양 듬뿍 채소 반찬!],"부추 1줌, 다진마늘 1/2스푼, 소금 2꼬집, 참기름 1스푼, 깨 1/2스푼",30,1,1,3
https://www.10000recipe.com/recipe/6892728,간단한 한끼식사ㅡ 삼색소보로덮밥,"신김치 1밥그릇, 계란 2개, 통조림햄 200g, 양파 1/2개, 식용유 1T, 올리고당 2T, 참기름 1T, 소금 1꼬집, 깨소금 적당량",1135,47,58,80
https://www.10000recipe.com/recipe/6918977,간단한 술안주로 최고인 버터갈릭새우 만들기,"새우 20마리, 버터 20g, 올리고당 2큰술, 다진 마늘 1큰술, 파슬리 약간, 후추 약간, 올리브유 약간, 소금 약간",380,8,38,22
https://www.10000recipe.com/recipe/6925564,돌나물사과무침 l 아삭한 사과와 돌나물로 만든 간단 반찬 레시피 ★,"돌나물 1봉, 사과 1/2개, 고추장 1숟가락, 고춧가루 1숟가락, 식초 2숟가락, 매실액 1숟가락, 참기름 1숟가락, 통깨 약간",150,20,5,7
https://www.10000recipe.com/recipe/6878340,단짠단짠의 대패덮밥,"대패 삼겹살 400g, 대파 2뿌리, 설탕 2스푼, 맛간장OR진간장 OR진간장",2360,32,160,180
https://www.10000recipe.com/recipe/6881806,모닝빵콘치즈 간단간식,"모닝빵 6개, 옥수수 콘 1컵, 마요네즈 1스푼, 허니 머스터드 1스푼, 후춧가루 약간, 피자치즈 70g",1740,186,70,86
https://www.10000recipe.com/recipe/6932924,최애반찬 소시지 감자조림,"감자 2개, 비엔나소시지 10여개, 청양고추 2개, 식용유 2스푼, 식초 1티스푼, 간장 2스푼, 굴소스 1스푼, 물 1/2컵, 다진마늘 0.5스푼, 맛술 2스푼, 황설탕 0.5스푼, 올리고당 1.5스푼, 참기름 약간, 후추 약간, 깨소금 약간",2150,123,70,160
https://www.10000recipe.com/recipe/7042375,김치콩나물죽..,"밥 1공기, 신김치 100g, 콩나물 1줌, 마늘 1작은술, 새우젓 1작은술, 고추가루 1작은술, 대파 1/2대, 코인육수 1개, 물 500ml, 시판용 사골곰탕200ml 200ml",540,92,27,6
https://www.10000recipe.com/recipe/6854230,떠먹는 떡꼬치 - 때론 떡피자 또는 떡꼬치 새콤 달콤,"떡볶이떡 20~25개, 양파, 파프리카, 체다치즈, 모짜렐라치즈, 마요네즈, 고추장 1, 케찹 3, 간장 1, 설탕 1",3150,540,105,75
https://www.10000recipe.com/recipe/6920393,호두마늘볶음 만드는법- 딸에게# /수미네반찬,"마늘 2통, 호두 100g, 매실청 1t, 꿀 1t, 간장 1t",482,53,11,25
https://www.10000recipe.com/recipe/6875055,카레두부구이. 아이반찬으로 좋아요.,"두부 1모, 카레가루 2T, 부침가루 1T, 계란 1개",420,26,31,22
https://www.10000recipe.com/recipe/6876875,영화속요리 10탄 줄리앤줄리아 속 크림소스 치킨스테이크,"닭가슴살 2조각, 올리브유 적당히, 파슬리 약간, 양파 1/2개, 버터 1스푼, 우유 1컵, 전분가루 2스푼, 소금 약간, 후춧가루 약간, 치킨스톡생략가능 생략가능",650,20,60,35
https://www.10000recipe.com/recipe/6867650,다른 반찬이 필요없는 매운 어묵 비빔밥~*,"사각어묵 3장, 땡초 2, 통마늘 3, 고추장 1.5큰술, 굴소스 1, 올리고당 1, 고춧가루 1, 후추 톡, 통깨 솔솔, 올리브유 조금, 맛술 1, 참기름 0.5큰술",520,23,18,38
https://www.10000recipe.com/recipe/6831048,딸기잼 롤,"식빵 2개, 딸기잼 2큰술, 달걀 1개, 슈가파우더 약간, 버터 0.5큰술",620,78,15,28
https://www.10000recipe.com/recipe/7011422,시원하고 뜨끈한 황태뭇국 끓이기,"황태포 50g, 무 400g, 계란 3개, 파 조금, 간장 1T, 국간장 2T, 참기름 1T, 멸치액젓 2T, 다진마늘 1T, 물 1500ml",1075,68,78,55
https://www.10000recipe.com/recipe/7031635,라면보다 쉽게 육수없이 끓이는 [만둣국],"냉동만두 5~6개, 달걀 2개, 양파 1/4, 대파 1/2, 청양고추, 김가루, 간장 1스푼, 참치액젓 1.5스푼, 소금 조금, 후추 조금",1020,92,64,44
https://www.10000recipe.com/recipe/6989529,오징어무국 레시피,"오징어 2마리, 무 1/4개, 애호박 1/2개, 청양고추 3개, 들기름 3숟가락, 국간장 2숟가락, 고춧가루 1숟가락, 다진 마늘 1숟가락, 액젓 2숟가락",1025,33,94,59
https://www.10000recipe.com/recipe/6854893,자꾸 손이가는 황태강정이 치킨강정같아요~ 황태강정,"황태채 2줌, 전분 3큰술, 튀김기름, 고추장 1큰술, 케첩 1큰술, 핫소스 1큰술, 청주 2큰술, 매실청 1큰술, 물엿 1큰술, 다진마늘 1/2큰술",320,47,3,13
https://www.10000recipe.com/recipe/6847506,건강 가지를 스테이크로 즐겨요.,"가지 3개, 고추장 2숟가락, 마늘 1숟가락, 설탕적은 적은, 올리고당 1숟가락, 참기름 2숟가락, 참깨 솔솔",420,38,8,28
https://www.10000recipe.com/recipe/7004934,스팸양배추볶음 스팸양배추덮밥레시피 다이어트레시피 식단관리,"양배추 1/4통, 스팸 150g, 대파 1줌, 식용유 2T, 진간장 1.5T, 올리고당 0.5T, 참기름 1T, 통깨",1025,33,47,80
https://www.10000recipe.com/recipe/6953539,"빵 대신 에그번 ♥ 햄버거로 다이어트 가능한 "" 달걀버거 "" 만들기","달걀 6개, 슬라이스햄 6장, 슬라이스치즈 1장, 샐러드채소 1/2줌, 방울토마토 3개, 소금 1/2숟가락, 식초 1숟가락, 스리라차소스",1020,18,72,75
https://www.10000recipe.com/recipe/6943349,★쫀득쫀득 새우어묵★ 새우와 야채만 들어간 새우어묵입니다~,"새우살 400g, 당근 1/2개, 매운고추 1개, 전분 2스푼, 소금 1/2스푼, 후추 조금",540,68,40,6
https://www.10000recipe.com/recipe/7043912,브로콜리 두부 무침 맛있게 만드는 법,"브로콜리 1개, 두부 1/2모, 소금 0.5t, 다진 마늘 0.5t, 국간장 1T, 참치액 1T, 참기름 1T, 깨 2T",420,18,33,25
https://www.10000recipe.com/recipe/6890777,"매콤한 두부덮밥, 눈 깜짝할 새 완성되는 초간단 덮밥요리","두부약200g 약200g, 대파 1/2대, 통깨 적당량, 들기름 1.5큰술, 고추장 4큰술, 다진 마늘 1큰술, 올리고당 2큰술, 미림 1큰술, 후춧가루 약간",540,38,24,33
https://www.10000recipe.com/recipe/6909570,기름 없이 볶아 다이어트에 좋은 중국식 청경채 돼지볶음,"돼지 앞다리살 200g, 청경채 3포기, 파프리카 1/2개, 간장 2스푼, 굴 소스 1스푼, 올리고당 2스푼, 다진 마늘 1스푼, 밀가루 1스푼",624,47,41,30
https://www.10000recipe.com/recipe/6954484,간단한 반찬 새우숙주볶음 맵지 않아서 아이들도 잘 먹어요.,"숙주 300g, 새우 10마리, 계란 2개, 양파 1/2개, 대파 1/3개, 식용유 4T, 굴소스 2T, 간장 1T, 다진마늘 1T, 참기름 1T, 볶은참깨 1T, 미림 1T, 소금 1꼬집, 후춧가루 1꼬집",1230,58,94,70
https://www.10000recipe.com/recipe/6868435,[간단 자취요리] 비주얼 끝장판!! 참치 스테이크 만들기,"참치캔기본사이즈 기본사이즈, 부침가루, 양파 1/2개, 당근, 소금 2/3t",420,63,18,9
https://www.10000recipe.com/recipe/6874866,특제소스로 만든 가지탕수 아이도 잘 먹어요!,"가지 2개, 양파 1/2개, 노란 파프리카 1/3개, 빨간 파프리카 1/3개, 케첩 4밥수저, 굴소스 2스푼, 설탕 1스푼, 올리고당 1.5스푼, 식초 1스푼, 참기름 1/2스푼, 통깨 약간, 튀김가루종이컵 한컵 종이컵 한컵, 물 1/2컵",632,123,14,11
https://www.10000recipe.com/recipe/6854799,닭가슴살 갈비구이,"닭가슴살 200g, 대파 1개, 간장 2T, 설탕 1T, 참기름 0.5T, 다진마늘 0.5T, 꿀 1T",540,27,64,18
https://www.10000recipe.com/recipe/6933349,우리집 최애 반찬 마늘아몬드조림 레시피,"통마늘 40알, 아몬드 1줌, 통깨 솔솔, 식용유 약간, 간장 2T, 물 2T, 물엿 1.5T",315,19,8,24
https://www.10000recipe.com/recipe/6956266,500원 이면 밥한끼~ 뚝딱하는 팽이버섯조림~ 너무 맛있어용^^~,"팽이버섯 1봉지, 청양고추 1개, 식용유 2스푼, 다진마늘 1큰술, 고추가루 1/2스푼, 설탕 1스푼, 미림 2스푼, 진간장 1스푼, 굴소스 1/2스푼, 고추장 1/3스푼, 된장 1/3스푼, 물 2스푼, 물엿 1스푼",235,20,6,15
https://www.10000recipe.com/recipe/7006126,두부면 명란 파스타,"두부면 1개, 명란 3개, 냉동 새우 4개, 마늘 12개, 베이컨 3줄, 페페론치노 9개, 파슬리 약간, 후추 조금, 치즈분말 조금, 쪽파 조금, 올리브오일",1120,33,85,75
https://www.10000recipe.com/recipe/7042253,들기름 두부구이 두부부침 양념장 레시피,"두부 300g, 들기름 5T, 소금 3꼬집, 후추톡톡, 진간장 2T, 맛술 1T, 참기름 0.5T, 통깨 0.5T, 다진대파 1T, 다진마늘 0.5T, 설탕 0.3T",540,19.5,38.5,35.5
https://www.10000recipe.com/recipe/6852019,가지등심카나페,"가지, 소고기등심, 새싹채소, 소금, 후추, 올리브유, 간장, 올리고당, 레몬즙, 다진마늘, 다진청양고추",1120,33,85,75
https://www.10000recipe.com/recipe/6850385,항정살 된장구이 쌈 아니고 샐러드로 품격있게!,"항정살 400g, 양상추샐러드채소 샐러드채소, 된장 1T, 간장 2T, 맛술 2T, 올리고당 2T, 설탕 1T, 다진마늘 0.5T, 참기름 1T, 후추 조금",1040,68,68,56
https://www.10000recipe.com/recipe/6892442,초간단 밑반찬 파프리카버섯볶음 굴소스가 포인트,"파프리카 빨강이 1개, 파프리카 노랑이 1개, 느타리버섯 1팩, 대파 2대, 올리브유 1수저, 굴 소스 1~2수저, 깨 1작은수저",315,23,6,23
https://www.10000recipe.com/recipe/6910228,배추나물 무침 만드는법 다이어트 반찬,"속배추 300g, 소금 1ts, 국간장 1ts, 참기름 1ts, 참깨 1ts",123,7,6,8
https://www.10000recipe.com/recipe/7010976,새송이버섯소고기볶음 끼니마다 가족들이 이것만 찾아요~ ‼️,"새송이버섯 4개, 국거리소고기 150g, 양파 1/2개, 대파 1/2대, 청양고추 2개, 진간장 1큰술, 참기름 1큰술, 참치액젓 1큰술, 설탕 1/2큰술, 물엿 1큰술, 후추 톡톡, 다진마늘 1큰술",540,27,45,27
https://www.10000recipe.com/recipe/7013219,초간단 오이만 있으면 완성~ 깨소금오이샐러드,"오이 1개, 깨소금 3숟가락, 고운소금 1/2숟가락, 참기름 2숟가락, 고춧가루 약간, 후추 약간",82,5,2,7
https://www.10000recipe.com/recipe/6977567,"삼치조림 [전분 묻혀 구운 삼치에 간장양념으로 감칠맛 더한 조림요리! 밥반찬, 술안주 다 잘 어울려요!]","삼치 1마리, 대파 5cm, 홍고추 1개, 청고추 1개, 다진마늘 1/2스푼, 전분가루 4스푼, 진간장 2스푼, 굴소스 1스푼, 맛술 2스푼, 설탕 1/2스푼, 참기름 1스푼, 깨 1/2스푼, 물 3스푼",1024,47,94,50
https://www.10000recipe.com/recipe/6883649,비엔나 소세지강정 간단하게 만들어 먹기 좋아요 ♪,"비엔나소세지 220g, 견과류 약간, 식용유 약간, 설탕 1큰술, 진간장 1큰술, 케찹 1큰술, 다진마늘 1/2큰술, 올리고당 2큰술, 물 2큰술",1020,17,44,86
https://www.10000recipe.com/recipe/6842456,갈릭 닭가슴살버섯볶음,"닭가슴살 300g, 새송이버섯 2개, 올리브유 3T, 간장 2T, 물엿 1.5T, 다진마늘 2T, 설탕 1T, 바질 0.5T",825,38,108,27
https://www.10000recipe.com/recipe/6900601,톡톡 터지는 고소함!콘치즈파이 초간단 레시피,"식빵 2장, 설탕 1/2T, 캔옥수수 2T, 마요네즈 적당히, 피자치즈 적당히",1050kcal,126g,33g,48g
https://www.10000recipe.com/recipe/6892715,저녁반찬 없을때 후다닥 참치감자조림,"참치 1캔, 감자 작은거 2개, 양파 1/2개, 대파 1줌, 청양고추매콤하게 먹고싶으면 매콤하게 먹고싶으면, 고추장 1스푼, 고춧가루 1스푼, 간장 1스푼, 다진마늘 1스푼, 설탕 1스푼, 물 200ml, 후추 톡톡",715,84,41,25
https://www.10000recipe.com/recipe/6913489,에어프라이어 콘치즈 토스트 만들기!중독성 강하네요!,"식빵 1장, 캔옥수수 2T, 설탕 1/2T, 마요네즈, 파슬리가루",210,33,4,7
https://www.10000recipe.com/recipe/6904344,돼지목살꼬치 아이간식과 남편 술안주로 딱이야~,"돼지고기 목살 300g, 후추 톡톡, 돈가스 소스 1.5큰술, 굴소스 1큰술, 설탕 0.5큰술, 맛술 1큰술, 물 2큰술",1020,13.5,78,72
https://www.10000recipe.com/recipe/6886281,"[얌무진 레시피] 쫀득쫀득, 바삭, 달콤! 떡 맛탕 만들기","가래떡영상에선 한뼘 두개 사용 영상에선 한뼘 두개 사용, 설탕 2T, 올리고당 6T, 물 4T, 간장 1/2T",1040,256,2,0
https://www.10000recipe.com/recipe/6929388,♥[신혼밥상] 5분 반찬 상추겉절이,"상추 20장, 고춧가루 2큰술, 다진마늘 1큰술, 간장 1큰술, 설탕 1스푼, 식초 2큰술, 참기름 1큰술, 통깨 1큰술",110,8,4,7
https://www.10000recipe.com/recipe/6867358,고구마 닭볶음 단짠의 케미 맥주안주!,"닭다리살 250g, 고구마 1개, 브로콜리 1/2통, 미니파프리카 2개, 간장 1T, 올리고당 2T, 맛술 0.5T, 다진마늘 1T, 후추 조금",615,92,38,10
https://www.10000recipe.com/recipe/6831990,부추베이컨말이,"부추 1줌, 베이컨 9장",238,3,16,18
https://www.10000recipe.com/recipe/7003388,마지막 묵은지 털어 끓인 김치 콩나물국..,"묵은지 1/2포기, 콩나물 200g, 청양고추 1개, 대파 1/2개, 멸치다시마티백 1개, 국간장 2큰술, 참치액 1큰술, 소금 1티스푼, 고춧가루 1큰술, 다시다 1티스푼",320,38,25,8
https://www.10000recipe.com/recipe/7034909,떡없는 매콤한 넙적당면볶이,"넙적당면 200g, 매실청 2큰술, 케찹 1큰술, 굴소스 1큰술, 간장 1큰술, 설탕 1큰술, 고추장 2큰술, 불닭소스 1큰술, 물 1L, 어묵 3장, 대파 1대",1340,268,48,10
https://www.10000recipe.com/recipe/6912539,에어프라이어 소시지 피자,"후랑크 소시지 4개, 피자치즈, 양파 1/4개, 소금, 후춧가루 약간, 케첩, 머스타드소스, 파슬리가루",1120,18,64,88
https://www.10000recipe.com/recipe/6886567,딱 10분이면 완성! 초간단 애호박덮밥,"밥 1공기, 애호박 1/2개, 양파 1/3개, 기름 1T, 고추기름 1T, 다진파 1줌, 참기름 1t, 고춧가루 1T, 고추장 0.5T, 간장 2T, 물 2T, 굴소스 1T, 다진마늘 0.5T, 후추 톡톡",540,85,10,18
https://www.10000recipe.com/recipe/7003814,빨주노 삼색 파프리카 애호박 구이 파프리카 양념장 만들기,"애호박 1개, 파프리카 3쪽, 간장 2.5큰술, 들기름 1큰술, 다진 마늘 1t, 설탕 1t, 통깨 1t",187,17,4,12
https://www.10000recipe.com/recipe/7044546,소고기 야채찜 만들기 소고기알배추찜 참소스 레시피,"소고기 샤브용 300g, 숙주 100g, 알배추 3~4장, 팽이버섯 1개, 느타리버섯 1줌, 물 50ml, 간장 3스푼, 설탕 2스푼, 식초 2스푼, 물 3스푼, 참기름 1스푼, 통깨 1/2스푼",1050,38,94,60
https://www.10000recipe.com/recipe/6897704,"카라멜 입힌 식빵팝콘 레시피, 홈극장 별미","식빵 2장, 물 5T, 설탕 4T, 우유 3T, 버터 1T",1160,158,20,48
https://www.10000recipe.com/recipe/6887603,【우리집 인기반찬】 맛보장 통오징어 양념구이 진짜 맛있어요 ! (밥안먹는 4살 아이 반찬 & 술안주),"손질 오징어 1마리, 맛술 1T, 양조간장 1T, 올리고당 2T, 고추장기호에 따라 가감 기호에 따라 가감, 올리브유 1T, 다진 마늘 1t, 참기름 1t",320,16,25,15
https://www.10000recipe.com/recipe/6935331,삼겹깐풍덮밥 : 비 오는 날에 생각나는 삼겹살!!!! 실패없는 깐풍소스로 덮밥만들기 ♥,"삽겹살 2줄, 홍고추 2개, 청양고추 2개, 양파 1/4개, 쪽파 2줄, 다진 마늘 1숟가락, 다진 생강 1/2숟가락, 밥 1공기, 식용유 약간, 간장 3숟가락, 식초 2숟가락, 물 2숟가락, 설탕 1숟가락, 후추 약간",1870,74,108,132
https://www.10000recipe.com/recipe/6860385,노오븐 베이킹/햄치즈빵 : 간단한 간식 만들기,"모닝빵 3-4개, 햄 3-4슬라이스, 피자치즈큰 큰, 옥수수콘큰 큰",1200kcal,120g,60g,50g
https://www.10000recipe.com/recipe/6916655,매콤 바삭 달콤 고등어 강정,"손질된 고등어 200g, 녹말가루 2큰술, 다진마늘 1큰술, 다진청양고추 1큰술, 다진홍청양고추 1큰술, 다진양파 2큰술, 참기름 1/2큰술, 식용유 적당히, 간장 1큰술, 올리고당 1큰술, 굴소스 1작은술, 꿀 1큰술",614,19,45,40
https://www.10000recipe.com/recipe/6891556,스팸 양파덮밥/스팸 돈부리,"양파 1개, 스팸 2슬라이스, 계란 1개, 다진마늘 1스푼, 파 적당량, 참깨 적당량, 간장 2스푼, 설탕 1스푼, 맛술 2스푼, 물 6스푼",540,33,24,33
https://www.10000recipe.com/recipe/6910384,매운맛 쏙 마늘 꿀조림 만들기,"간장 2큰술, 꿀 3큰술, 맛술 1큰술, 마늘 2컵",104,26,2,0
https://www.10000recipe.com/recipe/7044122,돌자반,"돌자반 70g, 식용유 1소주잔, 참기름 1/2소주잔, 설탕 3큰술, 맛소금 1/2큰술, 통깨 3큰술",1040,33,3,102
https://www.10000recipe.com/recipe/6847884,[반찬] 숙주새우달걀볶음,"숙주 2-3줌, 달걀 1-2개, 새우 10-12마리, 양파 1/2개, 청양고추 1-2개, 쪽파 1줌, 굴소스 2T, 간장 1-1.5T, 다진마늘 1T, 참기름 0.5T, 후추 약간, 통깨 약간, 청주 1T, 소금 톡톡, 후추 톡톡",unknown,unknown,unknown,unknown
https://www.10000recipe.com/recipe/7043964,초간단 케일쌈밥,"케일 6장, 밥 6큰술, 참기름 1/2큰술, 소금 조금, 매운 쌈장 적당히, 깨 조금",315,47,7,11
https://www.10000recipe.com/recipe/6828951,대패삼겹살 영양부추 샐러드,"양파, 영양부추, 간장 3큰술, 식초 2큰술, 참기름 1큰술, 다진 마늘 1큰술, 설탕 1큰술, 고춧가루 1작은술, 소금, 후추",120,18,4,4
https://www.10000recipe.com/recipe/6994661,"파티에 로스트치킨이 빠질 수 없지, 에어프라이어 카레닭봉구이","닭봉 800g, 우유 1.5종이컵, 카레가루 2숟가락, 소금 1/3숟가락, 맛술 2숟가락, 물엿 2숟가락, 홀그레인머스터드 1/2숟가락, 다진마늘 1/2숟가락, 올리브유 3숟가락, 후추가루 톡톡",2380,53.5,160,175
https://www.10000recipe.com/recipe/6836906,비스켓,"밀가루박력분 200g, 설탕 27g, 소금 2g, 무염버터 80g, 우유 110ml, 베이킹파우더 6g, 딸기잼",1560,214,18,72
https://www.10000recipe.com/recipe/6854979,소고기두부볶음 - 아이들 반찬/이유식 반찬으로도 최고죠~옛생각이 절로...,"두부 1/2모, 다진소고기 140g, 다진소고기 140g, 맛술 1/2큰술, 간장 1큰술, 설탕 1/3큰술, 참기름 1큰술, 다진마늘 1/2큰술, 다진파 1큰술, 후추 톡톡, 들기름, 올리브유",1025,13.5,85.6,69.8
https://www.10000recipe.com/recipe/6866122,봄동 된장무침,"데쳐서 물기짠 봄동 600g, 다진 파 2큰술, 다진마늘 1큰술, 된장 2큰술, 고추장 1큰술, 매실액 2큰술, 참기름 1큰술, 통깨 1큰술, 소금 약간",360,45,18,12
https://www.10000recipe.com/recipe/6844877,양파알새우덮밥만들기,"알새우 1줌, 양파 1/2개, 간장 2큰술, 매실액 1큰술, 올리고당 2큰술, 맛술 1큰술, 물 2큰술, 고춧가루 1큰술, 다진마늘보다적게 보다적게, 참기름보다적게 보다적게, 통깨 약간, 다진파 약간",215,18,15,8
https://www.10000recipe.com/recipe/6880679,밥상 디톡스 브로콜리 마늘 볶음/해독 밥상/야채 마늘 볶음,"브로콜리 1개, 마늘 10쪽, 소금 1/2T, 올리브유 2T, 후춧가루 약간",186,15,4,14
https://www.10000recipe.com/recipe/7001408,두부볶음 만들기 두부로 이렇게 맛있는 음식이 가능?,"두부 1모, 고추장 1큰술, 다진마늘 1큰술, 굴소스 1큰술, 진간장 1큰술, 올리고당 1/2큰술, 참기름 1큰술, 깨소금",420,15,33,27
https://www.10000recipe.com/recipe/7040730,콩나물 깻잎 무침 만드는법 깻잎 요리 콩나물요리,"콩나물500g 500g, 깻잎 10~15장, 홍고추선택사항 선택사항, 대파 1/2대, 간장 2T, 고춧가루 2.5T, 다진마늘 1T, 참기름 1T, 통깨 1T",625,70,30,25
https://www.10000recipe.com/recipe/6874797,"마늘조림, 건강한 밑반찬 애들이 더 좋아해요 ~","마늘 40알, 식용유 2큰술, 물 3큰술, 간장 3큰술, 꿀 1.5큰술, 참기름 1/2큰술, 통깨 약간",215,13,3,17
https://www.10000recipe.com/recipe/7043537,삼치조림,"삼치 1마리, 무 1/3개, 양파 1개, 고춧가루 3T, 간장 2T, 후추 1T, 설탕혹은 포도청 혹은 포도청, 고추장 1T, 조미료 1T, 다진마늘 1T, 다진파 1T, 물 100g",1050,58,116,39
https://www.10000recipe.com/recipe/6968567,팽이버섯말이 만들기 실패없는 베이컨말이 레시피,"팽이버섯 1봉지, 베이컨 6줄, 후추 약간, 식용유 약간",320,6,18,25
https://www.10000recipe.com/recipe/6842114,"팽이버섯덮밥:초초초간단 그러나, 더 없이 훌륭한 한끼","팽이버섯 1봉, 양파 1개, 대파 약간, 계란 2개, 참기름 약간, 통깨 약간, 식용유 약간, 후추 약간, 양조간장 2T, 맛술 2T, 육수or물 or물",620,27,31,43
https://www.10000recipe.com/recipe/7038574,새우 애호박볶음 간단하게 만드는 애호박나물볶음요리 레시피 아이 반찬,"애호박 1개, 양파 50g, 당근 20g, 새우살 50g, 마늘 1작은술, 소금 1/2작은술, 참치액 1작은술, 식용유 3큰술",315,16,17,21
https://www.10000recipe.com/recipe/6860598,또띠아마늘칩 -10분이면 가능 또띠아칩 #간단간식,"또띠아 2~3장, 버터 1스푼, 다진마늘 0.5스푼, 파슬리가루 0.5스푼, 꿀 1스푼",315,41,3,16
https://www.10000recipe.com/recipe/6978052,"[아기식단/아기반찬] ""홍양갱의 밤 - 우리아기 밥도둑 애호박 느타리버섯볶음""","느타리버섯 1줌, 애호박 1/4개, 양파 1/4개, 참기름 1T, 깨소금 1/2T",78,7,3,5
https://www.10000recipe.com/recipe/6983253,포만감 가득 다이어트 양배추오믈렛,"계란 3알, 양배추 1줌, 감자 1/2개, 슬라이스치즈 2장, 양파 1/4개, 베이컨 1줄, 소금 약간, 시판토마토소스 1T",715,33,41,47
https://www.10000recipe.com/recipe/6898369,고소함이 남다른 백종원 '들기름계란후라이'초간단 레시피,"계란 3개, 들기름 3T, 대파 1대, 국간장 1/2T, 통깨 솔솔",561,8,29,46
https://www.10000recipe.com/recipe/6841156,"다이어트를 결심한 당신에게, “닭가슴살 부추냉채무침”","닭가슴살 1캔, 부추 10뿌리, 파프리카 1/4개, 오이 1/2개, 양파 1/2개, 당근 1/5개, 다진마늘 1큰술, 설탕 2큰술, 매실청 3큰술, 간장 1큰술, 식초 3큰술, 연겨자 1큰술, 레몬 1/2개",1035,123,108,12
https://www.10000recipe.com/recipe/6867736,[간단 자취요리] 혼술 안주 생성! 닭꼬치 만들기,"닭고기 1그릇, 대파, 간장 1T, 후추, 간장 2T, 굴소스 2T, 설탕 2T, 다진마늘 1T, 물 2T",320,16,30,15
https://www.10000recipe.com/recipe/6998777,섬초고추장무침 달큰달큰~,"섬초 300g, 찰보리 고추장 1.5T, 다진마늘 1/3T, 소금 2꼬집, 깨 1/3T, 참기름 1/3T",1020,144,24,42
https://www.10000recipe.com/recipe/6868392,부추스팸덮밥. 냉장고 파먹기. 초간단덮밥요리. 혼밥요리.,"통조림햄참치.돼지고기.등도 가능 참치.돼지고기.등도 가능, 부추, 간장 4T, 고춧가루 2T, 설탕 1.5T, 굴소스 1T, 다진마늘 1T, 청양고추 1~2개, 참기름, 깨",1020,24,78,69
https://www.10000recipe.com/recipe/6891823,여름에 잘 어울리는 미역초샐러드! 와사비 넣어 더 상큼하게,"미역1인분 1인분, 오이 1/2개, 양파작은것 작은것, 통깨 조금, 간장 5스푼, 물 5스푼, 식초 3스푼, 설탕 1스푼, 연와사비 취향껏, 냉동새우 4-5마리, 미림 1스푼, 해물믹스 적당량",350 kcal,35g,25g,12g
https://www.10000recipe.com/recipe/6835071,깐풍만두 전분가루 없이도 맛있는 소스만들기,"냉동만두 500g, 냉장고속채소 적당히, 간장 2T, 식초 2T, 미림(맛술) 2T, 굴소스 1T, 설탕 1T, 물 2T, 다진마늘 0.5T",1250,215,50,20
https://www.10000recipe.com/recipe/6867306,부드럽고 먹기 좋은 닭다리살 치즈밥,"닭다리살 250g, 밥 210g, 피자치즈 양껏, 양파 1/2개, 파 1대, 간장 2.5T, 올리고당 1T, 맛술 1T, 참기름 0.5T, 케찹 0.5T, 고추장 1T, 다진마늘 0.5T, 후추 조금",1230,97.5,85.5,55.5
https://www.10000recipe.com/recipe/6865340,[간단 자취요리] 몽쉘로 쫀득쫀득 컵브라우니 만들기!,"4개, 우유 5~6T, 초콜릿 약간",300kcal,30g,15g,12g
https://www.10000recipe.com/recipe/7031591,쟁반막국수..,"메밀면 300g, 양파 1/2개, 상추 5장, 오이 1/2개, 양배추 1/4개, 조미김, 고추가루 3큰술, 설탕 3큰술, 식초 3큰술, 양조간장 5큰술, 물 5큰술, 마늘 1/2큰술, 고추장 듬뿍 1큰술, 연겨자도토리크기만큼 도토리크기만큼, 통깨 듬뿍 1큰술",1120,186,38,26
https://www.10000recipe.com/recipe/6872474,새우요리 갈릭마요새우~ 요거 완전 맛있지~,"냉동새우 1줌, 마요네즈 4큰술, 다진마늘 1큰술, 설탕 1큰술, 후추 약간, 소금 약간",540,10,30,40
https://www.10000recipe.com/recipe/6989786,순두부조림 순두부가 순식간에 사라지는,"순두부 1~2팩, 다진돼지고기 200g, 양파 1/2개, 대파 1/2대, 당근 1/4개, 홍고추 1개, 참기름 1큰술, 통깨 솔솔, 맛술 2큰술, 고추장 2큰술, 고춧가루 4큰술, 진간장 2큰술, 된장 1/2작은술, 다진마늘 1.5큰술, 설탕 1.5큰술",1870,68,123,130
https://www.10000recipe.com/recipe/6879543,[간단 자취요리] 두부를 쫄깃한 고기식감으로 만들기! 두부탕수 만들기,"두부부침용 부침용, 각종채소, 물 300ml, 식초 4T, 간장 3T, 설탕 5T, 굴소스 1T, 전분, 물",450,90,15,5
https://www.10000recipe.com/recipe/7008869,두부 양배추 들깨 볶음밥,"두부 1/2모, 양배추 80g, 마늘 3쪽, 매운 고추 2개, 쪽파 조금, 깨 조금, 들깨가루 1큰술, 간장 2작은술, 굴소스 2작은술, 참기름 2작은술, 후추 약간",320,18,24,18
https://www.10000recipe.com/recipe/4197710,느끼함은 잠시 접어둔 담백한 참치까스,"델큐브 참치 2캔, 양파 1/4개, 당근 조금, 대파 1대, 계란 1개, 다진마늘 1작은술, 후추 조금, 소금 1작은술",1010,23,108,54
https://www.10000recipe.com/recipe/6832044,"여름엔 진리, ""참치오이롤초밥""♪","오이 1개, 밥 1공기, 참치1캔 100g 1캔 100g, 양파 1/4개, 마요네즈 4스푼, 설탕 1스푼, 소금 1꼬집, 깨 조금",1025,123,47,40
https://www.10000recipe.com/recipe/6874871,간단 반찬-아이 반찬으로 좋은 감자볶음,"감자 3개, 양파 1/2개, 굴소스 1스푼, 맛간장(진간장) 3스푼, 설탕 1스푼, 올리고당 1스푼, 카놀라유 1-2스푼, 다진마늘 1/2스푼, 통깨 조금",1025,157,15,39
https://www.10000recipe.com/recipe/6839363,게살 텐신항:중국식?일본식? 어쨌든 초간단! 계란덮밥,"밥 1공기, 물 200ml, 양조간장 1큰술, 스톡이나 굴소스 이나 굴소스, 맛술 1큰술, 전분 1큰술, 식초 1큰술, 계란 2개, 크래미맛살 3~4개, 다진파 약간, 소금 약간, 식용유 약간",1025,108,41,48
https://www.10000recipe.com/recipe/7022304,모짜렐라 치즈 감자채전 만들기 간단한 맥주 안주 감자전,"감자 900g, 모짜렐라 치즈 600g, 청양고추 1-2개",4260,270,240,240
https://www.10000recipe.com/recipe/6922734,하찮은 냉동미니돈까스에서 고오급 난자완스 만들기,"미니 돈까스 23개, 고추장 1큰술, 케첩 1큰술, 간장 1큰술, 올리고당 2큰술, 다진마늘 1큰술, 물 2큰술, 참기름 1/2큰술",1150,45,69,80
https://www.10000recipe.com/recipe/6895266,No밀가루!속이 편안 밥피자 만들기,"밥 1공기, 계란 1개, 버터 1T, 양파 1/2개, 피망 1/2개, 햄 1/2캔, 피자치즈 1봉, 파슬리가루 톡톡, 토마토스파게티소스 적당히",1025,78,47,60
https://www.10000recipe.com/recipe/6857631,표고버섯달걀죽 - 아침식사로 좋으네 달걀죽,"표고버섯 5개, 달걀 2개, 밥 1공기, 멸치육수 5컵, 참기름 2, 국간장 1, 소금",1025,123,53,37
https://www.10000recipe.com/recipe/7014721,참치 무 조림 만드는 법 무 요리 참치캔 요리,"무 1/2개, 참치캔 1캔, 간장 2T, 참치액젓 2T, 고춧가루 3T, 매실액 2T, 올리고당 1T, 맛술 1T, 다진마늘 1T, 후추 톡톡, 물 550ml",1025,64,94,42
https://www.10000recipe.com/recipe/7021205,소고기당면전골 레시피,"소고기 300g, 느타리버섯 0.5봉, 청양고추 2개, 콩나물 2줌, 팽이버섯 0.5봉, 당면 1줌, 고추장 1스푼, 고춧가루 2스푼, 국간장 3스푼, 액젓 2스푼, 다진마늘 1스푼, 후추 약간",1230,68,108,58
https://www.10000recipe.com/recipe/6882435,"당신의 다이어트를 책임져줄, 닭가슴살 고구마 볶음","닭가슴살 300g, 고구마작은 것 작은 것, 대파 1개, 간장 3숟가락, 다진 마늘 1숟가락, 후추 약간, 설탕 1/2숟가락, 올리고당 1숟가락, 미림 2숟가락, 참기름 약간, 검은깨 약간",780,90,70,15
https://www.10000recipe.com/recipe/6998798,닭가슴살 쌈장 만드는 법 상추 쌈밥 도시락,"밥 1공기, 상추 9장, 참기름 1작은술, 통깨 1작은술, 소금 약간, 식용유 1큰술, 닭가슴살 40g, 고추장 1작은술, 된장 1작은술, 물 1작은술, 청주 1작은술, 다진 마늘 1큰술, 올리고당 1작은술, 후춧가루 약간",415,45,25,15
https://www.10000recipe.com/recipe/7039850,깐풍만두 깐풍소스 만드는법,"고향 만두 20개, 대파 1/2대, 양파 1/2개, 홍고추 1개, 청양고추 1개, 식용유 넉넉하게, 설탕 2스푼, 식초 2스푼, 진간장 2스푼, 굴소스 1스푼, 케첩 1스푼, 다진 마늘 1스푼, 물 1/2컵",2150,238,52,116
https://www.10000recipe.com/recipe/7029684,바삭바삭하고 촉촉한 감자치즈전,"감자 4개, 토마토 1개, 전분 3스푼, 모짜렐라치즈 적당히, 소금 약간, 후추 약간",1040,144,52,32
https://www.10000recipe.com/recipe/7005355,어니언링 만들기 겉은 바삭하고 양파는 촉촉해요!,"양파 1개, 달걀 3알, 튀김가루 1/2컵, 빵가루 1컵, 파슬리가루 1스푼, 식용유 적당량",1740,166,57,99
https://www.10000recipe.com/recipe/7017631,쫀득해서 계속 손이 가는 고구마맛탕쿠키,"고구마 2개, 달걀 1개, 꿀 1숟가락, 전분가루 1숟가락, 검은깨 약간",385,70,11,7
https://www.10000recipe.com/recipe/6918300,오늘 저녁은 채식위주로??? 에어프라이어표 버섯채소구이 ★,"새송이버섯 1개, 양송이버섯 3개, 빨강파프리카 1/2개, 노랑파프리카 1/2개, 양파 1/4개, 가지 1/4개, 애호박 1/4개, 소금 약간, 후추 약간, 올리브오일 5숟가락",315,23,4,24
https://www.10000recipe.com/recipe/6953644,초간단 요리 다이어트 레시피 닭가슴살 양배추 덮밥,"닭가슴살 100g, 양배추 100~200g, 대파 1/2개, 올리브유 1T, 고추기름 1T, 굴소스 1T, 후추 조금",315,10,38,14
https://www.10000recipe.com/recipe/6875696,참치 맛 가루 (후리 가케),"참치 캔 150g, 간장 1큰술, 맛술 1큰술, 설탕 1티스푼",315,8,36,15
https://www.10000recipe.com/recipe/6913806,♥[신혼밥상] 닭가슴살양배추말이,"닭가슴살통조림 1개, 양배추 1/4, 당근 1개, 오이 1개, 칠리소스 3스푼",540,45,60,10
https://www.10000recipe.com/recipe/6922742,다이어터들의 영양간식!두부참치스테이크 만들기!,"두부 300g, 참치 200g, 파 적당량, 달걀 2개, 소금 0.5T, 후추 적당량, 부침가루 4T",1065,74,97,41
https://www.10000recipe.com/recipe/6857754,새우 is 뭔들~ 카레버터새우볶음,"새우 15마리, 양파 1/2개, 당근 1/3개, 마늘 10알, 청양고추 1-2개, 식용유 1T, 버터 1t, 카레가루 0.5T, 후추 약간, 소금 약간, 청주 1T, 소금 1꼬집, 후추 약간",345,15,20,22
https://www.10000recipe.com/recipe/6924357,매콤하게 사랑받는 삼겹살 강정,"두툼한 돼지고기 300-400g, 부침가루 1밥숟가락, 튀김가루 2밥숟가락, 식용유 0.5밥숟가락, 케첩 3밥숟가락, 고추장 1밥숟가락, 설탕 1밥숟가락, 다진마늘 0.5밥숟가락, 올리고당 2밥숟가락, 간장 2밥숟가락",1650,97,85,110
https://www.10000recipe.com/recipe/6893218,혼밥도 즐겁게! 버터갈릭새우,"칵테일새우중간크기 중간크기, 버터 3큰술, 다진마늘 1.5큰술, 파슬리가루 1큰술, 꿀 1큰술, 소금 약간",315,6,23,22
https://www.10000recipe.com/recipe/6843348,돼지고기마늘조림 # 밥위에 쓱쓱,"돼지고기앞다리살 400g, 마늘 1줌, 청주 1T, 생강가루 1/2t, 허브소금 1/2T, 깨 약간, 간장 3T, 설탕 1T, 올리고당 2T, 다진마늘 1/2T, 굴소스 1T, 맛술 2T, 참기름 1T, 물 1/4컵",1120,27,92,70
https://www.10000recipe.com/recipe/6855421,계란덮밥- 아이가 좋아하는 연두부와 달걀의 만남 부드러운 계란덮밥,"계란 3개, 연두부 2개, 치즈 1장, 소금 1/2수저, 들기름 약간, 후추 살짝",780,9,56,58
https://www.10000recipe.com/recipe/7027944,특별하게 넣은것 없는데 맛있는 표고버섯볶음 레시피,"표고버섯손질후 220g 손질후 220g, 다진마늘 1/2T, 식용유 1T, 물 2T, 참기름또는 들기름 또는 들기름, 다진파 2T, 갈은깨 1T, 소금 1/5~1/6T",292,10,6,26
https://www.10000recipe.com/recipe/6949579,다이어트 할 때 저탄고단 고소한 '두부밥',"두부 1/3개, 계란 1개, 밥 3t",285,36,17,7
https://www.10000recipe.com/recipe/6739157,차돌박이 파스타,"차돌박이 15장, 양파 1/2개, 청량고추 2개, 홍고추 1개, 통마늘 5톨, 간장 2숟갈, 굴소스 1숟갈, 맛술 1숟갈, 다진마늘 1숟갈, 후추 약간",1125,68,90,54
https://www.10000recipe.com/recipe/7014837,맑은 감자계란국 끓이는법 아기계란국,"감자 1개, 계란 2개, 대파 조금, 참치액 1스푼, 국간장 1스푼, 소금 1티스푼, 육수 800ml",1025,77,70,52
https://www.10000recipe.com/recipe/7015067,다이어트 양배추 참치 덮밥 만들기 낮은 칼로리로 맛있는 한 끼,"통조림 참치 100g, 현미밥 100g, 양배추 50g, 양파 1/4개, 당근 소량, 진간장 1T, 굴 소스 1T, 맛술 1T, 후추 조금",415,53,27,9
https://www.10000recipe.com/recipe/7043480,최화정 시금치 키쉬/단백질 폭탄 레시피,"또띠아 1장, 계란 2개, 소금 2꼬집, 다진파프리카 1T, 리코타치즈 3T, 시금치 1뿌리, 모짜렐라치즈 3T",1025,45,68,65
https://www.10000recipe.com/recipe/6871815,초 간단 계란 초,"계란 2개, 오이 조금, 당근 조금, 초고추장 조금, 통깨 조금",216,7,14,15
https://www.10000recipe.com/recipe/6907712,나시고랭 :)숙주로 간단한 나시고랭 볶음밥,"다진마늘 1T, 올리브유 1T, 숙주 1/2봉지, 밥 2공기, 계란 2개, 대파 1개, 칵테일새우 10개, 간장 1T, 굴소스 1T, 맛술 2T, 후추 0.5t, 설탕 0.5t",1345,169.5,59.5,45.5
https://www.10000recipe.com/recipe/6841290,[No.1 감자새우덮밥] 고급스러운 중식덮밥,"칵테일새우 10개, 감자 1개, 고추또는 쪽파 또는 쪽파, 굴소스 0.5숟갈, 간장 1숟갈, 다진마늘 0.3숟갈, 물 5숟갈, 들기름 1숟갈, 청주 3숟갈, 후추 약간, 설탕 조금, 녹말감자전분 감자전분, 물 5숟갈",315,38,15,11
https://www.10000recipe.com/recipe/7007929,오이 볶음 오이소고기볶음 소고기오이볶음 오이 반찬 여름 반찬,"​오이 3개, 소금 1작은술, 소고기 70g, ​다진 대파 1/2큰술, 설탕 1/2큰술, 진간장 1큰술, 맛술 1큰술, 후춧가루 조금, ​식용유 1큰술, 다진 마늘 1큰술, 참기름 1/2큰술, 통깨 1큰술",315,10,23,20
https://www.10000recipe.com/recipe/6985504,10분요리) 양배추베이컨볶음!,"양배추채 3줌, 다진마늘 1스푼, 다진파 약간, 베이컨 7줄, 맛술 1T, 후추 톡톡, 진간장 1T, 굴소스 1스푼, 통깨 약간",320,12,18,22
https://www.10000recipe.com/recipe/6837731,굴소스카레볶은밥,"양파 1/2개, 당근 조금, 호박 조금, 청양고추 1개, 햄 조금, 계란 1개, 굴소스 1숟가락, 카레 1숟가락",210,15,12,10
https://www.10000recipe.com/recipe/6952367,다이어트식단~브로콜리 당근 닭가슴살 스크램블!,"닭가슴살 1팩, 당근 1/3등분, 브로콜리 자른것 1줌, 계란 2개, 소금 1꼬집, 올리브유 1큰술",620,15,80,28
https://www.10000recipe.com/recipe/6920397,"#간단한반찬, 고소함 터지는 들깨두부볶음","두부 180g, 들기름 2T, 다진마늘 1t, 간장 1T, 매실청 2T, 들깨가루 1T",315,12,20,21
https://www.10000recipe.com/recipe/7041518,야옹킷친) 밥 비벼 먹기 좋은 참치 두부조림,"두부 1모, 양파 1/2개, 대파 1/2단, 참치 1/2캔, 간장 2T, 설탕 1/2T, 미림 1T, 고추장 1T, 고추가루 2T, 참치액 1T, 굴소스 1/2T, 다진마늘 1T, 후추 조금, 물 150리터",780,45,70,35
https://www.10000recipe.com/recipe/6844208,다이어트 할때는 닭가슴살 깻잎볶음 .,"닭가슴살 300g, 양파 1개, 깻잎 10장, 간장 2T, 맛술 2T, 다진마늘 1T, 후춧가루 조금, 설탕 1T, 참기름 조금",615,31,78,18
https://www.10000recipe.com/recipe/6914310,연두부와 어린새싹,"연두부 1팩, 어린 새싹 약간, 진간장 2큰술, 올리브유 2큰술, 식초 2큰술, 설탕 1큰술, 레몬즙 1큰술, 참기름 1큰술, 다진마늘 1/2큰술, 깨소금 약간",320,10,15,25
https://www.10000recipe.com/recipe/6835355,몬테크리스토,"식빵 6장, 슬라이스치즈 4장, 슬라이스햄 4장, 달걀 2알, 머스타드, 딸기쨈",1740,144,88,96
https://www.10000recipe.com/recipe/6904793,"[핑거푸드] 다이어트에도 좋은 ""파프리카 계란찜""♪","계란 2개, 파프리카 빨강 1개, 파프리카 노랑 1개, 애호박 다진 것 1스푼, 다진당근 1스푼, 대파 다진 것 1스푼, 소금 약간",268,15,18,16
https://www.10000recipe.com/recipe/6992061,"맛없으면 이상한 볶음밥, 버터만두볶음밥","밥 1공기, 만두 4개, 마늘 3알, 대파 1/2대, 굴소스 1숟가락, 참기름 1숟가락, 버터 1/2숟가락, 후추 약간, 식용유 적당량, 달걀프라이",1250,140,40,60
https://www.10000recipe.com/recipe/7009401,팽이버섯 파 계란국 레시피,"계란 1개, 팽이버섯 1줌, 국물용 멸치 10개, 파 10cm, 후추, 소금, 국간장 2.5스푼, 물 1300ml",320,10,30,15
https://www.10000recipe.com/recipe/6948138,닭가슴살 고구마볶음 만들기,"고구마 큰거 1개, 닭가슴살 300g, 양파 1/2개, 대파 1/2뿌리, 홍고추 1개, 간장 1T, 굴소스 1T, 다진마늘 1T, 검정깨, 참기름 1T",1035,94,116,19
https://www.10000recipe.com/recipe/6829153,일본식 두부 덮밥 두부 소보로동 만들기,"두부300g 300g, 간장 2T, 설탕취향에 따라 가감 취향에 따라 가감, 미림 1T, 생강파우더or 생강 다진 것 1/2t or 생강 다진 것 1/2t, 후추 약간, 참기름 1t, 대파 흰대 다진 것 1T",315,15,24,18
https://www.10000recipe.com/recipe/6907784,에어프라이어 깐풍만두 만들기,"만두 13개, 간장 2, 올리고 당 1, 설탕 1, 식초 1, 다진 마늘 1, 대파 1/3, 홍고추 1/2, 후춧가루 적당량",1230,191,58,27
https://www.10000recipe.com/recipe/6899340,미니 새송이버섯 조림,"미니새송이버섯 1봉지, 통마늘 1줌, 양파 1개, 청양고추 1/2개, 간장 2큰술, 굴소스 1큰술, 요리당 2큰술, 물 4큰술, 참기름 1큰술, 통깨 약간",215,18,6,14
https://www.10000recipe.com/recipe/6880341,참치 감자 조림,"감자 1개, 참치캔 1개, 양파 1개, 대파 1대, 청양고추 2개, 다시육수 2컵, 고추장 1큰술, 간장 2큰술, 고춧가루 1큰술, 다진마늘 1큰술, 자일로스설탕 0.5큰술, 후추 톡톡",1025,108,78,33
https://www.10000recipe.com/recipe/6894872,냉파요리로 좋은 5분완성 떠먹는 컵피자 만들기,"식빵 1장, 양파 1/4개, 샌드위치햄 2장, 캔옥수수 2T, 모짜렐라 치즈 적당히, 파슬리가루 톡톡, 토마토 스파게티 소스 적당히",540,70,23,19
https://www.10000recipe.com/recipe/6984865,[유아식]당면을 넣어 만든 달걀만두,"당면 20g, 양파 30g, 애호박 20g, 당근 20g, 팽이버섯 30g, 달걀 2개, 아기 간장 0.5T, 참기름 0.5T, 소금, 현미유",320,24,14,18
https://www.10000recipe.com/recipe/6862339,두부시금치무침 이 레시피가 제일 맛있네요,"시금치 1단, 두부 1/2모, 간장 2T, 참기름 1T, 깨소금 1T, 설탕 0.5T, 소금 0.5T",420,20,30,25
https://www.10000recipe.com/recipe/6894538,바쁜 아침 5분 뚝딱 !맛보장 '참치계란간장밥'레시피,"밥 1공기, 계란 2개, 참치 2T, 대파 약간, 간장 1.5~2T, 참기름 1T, 깨 1T",774,77,38,33
https://www.10000recipe.com/recipe/6904080,모양까지 예쁜 핑거푸드[양송이버섯 타파스],"양송이버섯 15개, 닭가슴살 100g, 양파 1/2개, 파프리카 1/3쪽, 치즈 2장, 후추 살짝",420,15,60,15
https://www.10000recipe.com/recipe/6902300,중식의 대가 이연복 쉐프 깐풍만두 초간단 레시피,"만두 10개, 대파 1대, 쥐똥고추or청양고추 or청양고추, 다진마늘 1T, 간장 1T, 설탕 1T, 식초 2T, 물엿 1/2T, 후추 톡톡",1020,186,40,10
https://www.10000recipe.com/recipe/7004654,매콤새콤 입맛을 확 잡아주는 차돌박이부추무침,"차돌박이 200g, 부추 100g, 양파 1/2개, 홍고추 1개, 통깨 1숟가락, 소금 약간, 후추 약간, 고춧가루 1숟가락, 간장 2숟가락, 식초 2숟가락, 매실액 1숟가락, 들기름 1숟가락",540,23,33,35
https://www.10000recipe.com/recipe/6904864,치즈덕후 설레는 치즈폭발 '갈릭치즈 토스트'간식 만들기,"식빵 2장, 체다치즈 2장, 모짜렐라 치즈 넉넉히, 버터 2T, 다진마늘 1T, 설탕 1/2T, 파슬리가루 1/2T",1040,78,44,64
https://www.10000recipe.com/recipe/6975041,빨간어묵 매콤~~하니 자꾸만 먹게되네?,"어묵 8장, 멸치육수또는 쌀뜨물 또는 쌀뜨물, 계란 노른자 2~3개, 고추장 2큰술, 고춧가루 1큰술, 진간장 1큰술, 올리고당 1큰술, 설탕 1큰술, 맛술 1큰술, 다진마늘 1큰술, 후춧가루 톡톡, 참치액젓 1큰술",1040,47,68,63
https://www.10000recipe.com/recipe/6922432,비스퀵 l 할아버지 버거집에서만 팔았던 KFC비스켓 ★,"박력분 180g, 베이킹파우더 6g, 설탕 15g, 소금 2g, 버터 70g, 우유 100g",1062,141,17,49
https://www.10000recipe.com/recipe/6831876,다이어트요리 두부카레볶음밥,"두부 1모, 계란 1개, 우유 5숟갈, 부추 조금, 카레가루 1.5스푼, 소금 조금",460,15,33,30
https://www.10000recipe.com/recipe/6899367,녹네 녹아.. 전자렌지 1분 30초 컷. 고소 짭짤 수란마요밥 만들기,"달걀 1개, 마요네즈 1T, 굴소스 1T, 참기름 1T",231,2,7,21
https://www.10000recipe.com/recipe/4145941,치즈 웨지 감자,"감자 큰크기 4개, 슬라이스치즈 3장, 우유 2/3컵, 구운베이컨잘게 썬 잘게 썬, 다진마늘 1.5큰술, 우유, 치즈, 베이컨",1420,78,68,94
https://www.10000recipe.com/recipe/7044716,"또띠아 요리, 햄치즈또띠아 레시피","또띠아 1장, 계란 1알, 체다치즈 2장, 샌드위치용햄 2장, 식용유 0.5T, 소금 0.1T",614,19,33,45
https://www.10000recipe.com/recipe/6926078,♥[신혼밥상] 아몬드초코칩쿠기,"박력분 100g, 코코아파우더 20g, 아몬드 슬라이스 60g, 무염버터 62g, 설탕 40g, 달걀노른자 1개, 바닐라에센스 약간",1345,116,31,88
https://www.10000recipe.com/recipe/6927971,매운 팽이버섯 조림 간단 반찬/술안주/맥주안주/소주안주 굿굿!!,"팽이버섯 1봉지, 고추장 1스푼, 진간장 1스푼, 설탕 1.5스푼, 다진마늘 1스푼, 물 2스푼",78.5,15.5,4.5,0.5
https://www.10000recipe.com/recipe/1135209,<호두비스킷> 재료가 딱 4가지~~너무 쉬운 베이킹~~^^,"호두 70g, 달걀 흰자 1개, 설탕 40g, 밀가루 1큰술",515,38,16,33
https://www.10000recipe.com/recipe/6910980,카페 부럽지 않은 '베이컨에그토스트'!식빵으로 쉽게 만들기!,"식빵 2장, 베이컨 2줄, 계란 2개, 슬라이스치즈 2장, 파슬리가루 약간, 딸기잼 약간",1020,84,52,54
https://www.10000recipe.com/recipe/6890570,새우굴소스파스타,"파스타면 100g, 청양고추 2개, 마늘 30g, 버터 30g, 새우 6마리, 파마산치즈가루 약간, 오일 3T, 소금 약간, 굴소스 1.5T",1025,78,45,62
https://www.10000recipe.com/recipe/6909721,초간단 밥도둑 반찬! '깻잎스팸전'황금 레시피,"스팸 1캔, 계란 1개, 깻잎 약간, 밀가루 약간",1020,38,73,67
https://www.10000recipe.com/recipe/6930572,비건베이킹인데 너무 맛있는 감자 크래커!,"박력분 150g, 소금 1g, 설탕 15g, 카놀라유 40g, 으깬감자 100g, 장식용 설탕 약간",1065,207,15,25
https://www.10000recipe.com/recipe/6904643,"고깃집 무초절임, 밥상을 든든히 채워주는 밑반찬","무보통사이즈 보통사이즈, 식초 1.5컵, 설탕 1컵, 소금 1큰술",1045,261,1,0
https://www.10000recipe.com/recipe/6955759,닭안심냉채,"닭안심 300g, 양파 1/2개, 당근 1/5개, 파프리카빨강 1/4개, 파프리카노랑 1/4개, 오이 1/2개, 간장 2T, 연겨자 3T, 2배식초 3T, 레몬즙 3T, 마늘 1T, 설탕 3T, 매실청 3T, 소금 1꼬집",1050,97,84,36
https://www.10000recipe.com/recipe/6887551,베이컨치즈 밥말이,"햇반 2개, 베이컨 1팩, 후추 약간, 소금 약간, 참기름 1t, 깨 1t, 슬라이스 치즈 8장",1440,96,72,88
https://www.10000recipe.com/recipe/7043955,토마토 떡볶이 만들기 떡국 떡 요리 (시판 스파게티 소스 활용 레시피),"시판 토마토스파게티소스300g 300g, 베이컨 100g, 양파 1/2개, 양송이버섯 5개, 떡국떡 200g, 다진 마늘 1/2T, 파마산치즈가루 2T",1345,157,59,54
https://www.10000recipe.com/recipe/6831988,"견과류 듬뿍 넣은 쫄깃,달콤함 ""두부강정""♪","부침용 두부 1모, 양파, 당근, 아몬드슬라이스, 호두, 케찹 3스푼, 고추장 1스푼, 간장 1스푼, 다진 마늘 1스푼, 올리고당 2스푼, 설탕 1/2스푼",1120,68,68,68
https://www.10000recipe.com/recipe/6842280,연두부 샐러드,"연두부 1팩, 어린잎채소 1/2줌, 파프리카 약간, 양파 약간, 간장 2.5T, 식초 1.5T, 설탕 1T, 다진마늘 1T, 참기름 1t, 통깨 약간",320,20,15,20
https://www.10000recipe.com/recipe/4803252,버섯 들깨소스 무침,"느타리버섯 200g, 표고버섯 4개, 쪽파 2대, 들깨가루 2Ts, 멸치액젓 1Ts, 비정제 황설탕 1/2ts, 들기름 2ts",320,18,12,24
https://www.10000recipe.com/recipe/6965550,초간단 굴소스 두부덮밥,"두부 1모, 양파 1/4개, 대파 약간, 식용유 약간, 밥 1/2공기, 다진마늘 1스푼, 굴소스 1스푼, 간장 1스푼, 올리고당 1스푼, 후추 적당히, 참기름 약간, 참깨 적당히, 물 2/3종이컵",540,63,20,23
https://www.10000recipe.com/recipe/6885808,브로콜리참치전,"브로콜리 데친 것 1줌, 참치150g 150g, 양파 1/4개, 달걀 1개, 부침가루 1.5스푼, 파프리카노랑/빨강 노랑/빨강, 소금 적당량, 후춧가루 적당량",415,26,38,17
https://www.10000recipe.com/recipe/6863792,[간단 자취요리] 닭가슴살캔으로 치즈 불닭 만들기 / 혼술안주,"닭가슴살 통조림중간크기 중간크기, 양파작은거 작은거, 양배추 1줌, 고추장 2T, 고춧가루 3T, 간장 1T, 설탕 2T, 다진마늘 1T",540,60,50,10
https://www.10000recipe.com/recipe/6948579,짭조름하고 쫀득쫀득한 새송이버섯버터구이 만들기,"새송이버섯 2개, 식용유 적당량, 버터 10g, 진간장 1.5큰술, 맛술 1.5큰술",210,8,4,17
https://www.10000recipe.com/recipe/6911766,에어프라이어로 달콤한 허니버터 고구마 만들기,"고구마, 버터, 꿀, 피자치즈",1200,120,40,60
https://www.10000recipe.com/recipe/7001546,﻿아스파라거스 칵테일새우 볶음 밑반찬,"아스파라거스 85g, 칵테일새우 16개, 다진마늘 1/2큰술, 올리브유 2큰술, 굴소스 2큰술, 깨 1/2큰술",180,6,15,11
https://www.10000recipe.com/recipe/6928511,휘리릭~ 초 간단 맛살 볶음,"맛살 5줄, 대파 적당량, 굴소스, 통깨, 카놀라유",150,5,10,10
https://www.10000recipe.com/recipe/6842110,김구이와 달래양념장만있으면 밥한공기 뚝딱!,"달래 1/2줌, 홍고추 1/2개, 구운김 적당량, 간장 10T, 참기름 1T, 깨 1T, 매실청 3T, 마늘 1/2T, 고추가루 1T",123,15,4,5
https://www.10000recipe.com/recipe/6811239,바삭한 카레닭구이,"닭가슴살 2덩이, 카레가루 2수저, 밀가루or 전분가루 or 전분가루, 소금 약간, 후춧가루 약간, 오일",600kcal,40g,80g,10g
https://www.10000recipe.com/recipe/6900423,후다닥!!!두부 크래미 달걀볶음!,"두부 1/2모, 크래미 1봉지, 달걀 5개, 당근 조금, 깻잎 1장, 소금 1스푼, 식용류 2스푼, 후추가루 조금, 참기름 조금",1025,23,78,71
https://www.10000recipe.com/recipe/7036196,허니갈릭또띠아피자 레시피,"또띠아 1장, 다진마늘 2T, 꿀 1T, 올리브유 1T, 모짜렐라치즈 2T",410,26,17,27
https://www.10000recipe.com/recipe/6882848,시금치베이컨볶음,"시금치원하는 만큼 원하는 만큼, 통마늘 8개, 베이컨 3줄, 소금 약간, 식빵, 달걀",1120,84,56,64
https://www.10000recipe.com/recipe/5269045,짭쪼름하고 쫄깃해 입맛살리는 양념꼬막만들기,"꼬막 1kg, 굵은 소금 약간, 고춧가루 1/2큰술, 간장 3큰술, 참기름 1/2큰술, 생강즙 1/2큰술, 설탕 1/2작은술, 다진마늘 1/2작은술, 다진 홍고추 1/2큰술, 다진 부추 1큰술, 다진 양파 1큰술, 참깨 약간",1160,33,132,56
https://www.10000recipe.com/recipe/6861562,추억의 간식 피카츄돈까스 치킨너겟으로 그 맛을 재연하다,"치킨너겟 9개, 올리고당 2T, 케찹 2T, 고추장 0.5T, 다진 마늘 0.5T",1020,64,54,63
https://www.10000recipe.com/recipe/6977898,"고등학생 도시락, 스팸무스비, 나들이 도시락으로 추천","계란 3개, 스팸 1통, 김밥김 2장, 공기밥 1인분, 간장 1t, 맛술 1t, 설탕 1t, 참기름 1T, 소금 1꼬집, 통깨 약간",1345,155,58,56
https://www.10000recipe.com/recipe/6902441,새우살로 만드는 얼큰한 새우탕 만들기,"냉동 새우살 200g, 양파 1/2개, 애호박 1/2개, 대파 1대, 청양고추 2개, 다시마 3장, 멸치 7~10개, 물 1L, 된장 1큰술, 다진 마늘 1큰술, 고춧가루 2큰술, 액젓 1큰술",420,38,45,8
https://www.10000recipe.com/recipe/6917038,모닝빵 속에 옥수수가 ★ 에어프라이어 옥수수치즈빵 ★,"옥수수콘 300g, 모닝빵 8개, 모짜렐라치즈 1종이컵, 허니머스타드 3숟가락, 마요네즈 3숟가락, 후추 약간",2750,292,97,135
https://www.10000recipe.com/recipe/6853260,부산에서 먹던 탱글탱글 비빔당면,"당면 80g, 계란 1개, 당근 1/2개, 깻잎 5장, 고춧가루 2T, 설탕 1T, 깨 1T, 간장 4T, 식초 1.5T, 올리고당 2T, 다진마늘 0.5T, 참기름 2T, 다진파 2T",1035,94.6,31.1,60.2
https://www.10000recipe.com/recipe/6858529,한숟갈 뜰 때마다 영양 듬뿍! 소고기표고버섯덮밥♥,"채 썬 표고버섯 4개, 채 썬 양파 1/2개, 채 썬 당근 1/5개, 소고기 100g, 전분 1T, 물 50ml, 간장 1T, 다진마늘 1/2T, 맛술 1T, 물 300ml, 간장 2T, 굴소스 1T, 설탕 1/2T, 참기름 1T, 후추 약간",415.6,23.9,24.3,25.4
https://www.10000recipe.com/recipe/6930296,원팬으로 10분이면 뚝딱!! 초간단 버섯당면볶음 입니다~^^,"당면 120g, 표고버섯 4개, 청량고추 1개, 대파 15Cm, 다진마늘 1T, 식용유 4T, 간장 3T, 굴소스 2T, 매실청또는 올리고당 또는 올리고당, 후추 약간, 맛술 1T, 참기름 2T",1230,108,14,82
https://www.10000recipe.com/recipe/6937841,곤약면 닭가슴살 숙주볶음,"닭가슴살 100g, 곤약면 1팩, 청양고추 1개, 쪽파, 참기름 1숟가락, 다진마늘 0.5숟가락, 고추장 1숟가락, 간장 1숟가락, 설탕 0.5숟가락, 맛술 1숟가락, 굴소스 1숟가락, 다진마늘 0.5숟가락, 생강가루 0.3숟가락",415,18.5,47.3,16.8
https://www.10000recipe.com/recipe/7002443,쫄깃한 식감과 버터의 풍미가 느껴지는 닭고기스테이크,"닭다리살 정육 300g, 소금 약간, 후추 약간, 바질가루 약간, 버터 1숟가락, 올리브유 3숟가락, 감자, 아스파라거스, 간장 3숟가락, 올리고당 3숟가락, 케찹 1숟가락, 후추 약간",1230,78,78,69
https://www.10000recipe.com/recipe/6847733,아몬드샤브레,"버터3.5T 3.5T, 설탕1/3컵 1/3컵, 노른자 1개, 박력분1컵 1컵, 아몬드가루3T 3T, 조금",1745,166,38,105
https://www.10000recipe.com/recipe/6899965,아침대용식 콘바 세상에서 제일 쉬운 에너지바 만드는 법ㅣ처치곤란 시리얼의 변신ㅣYAMMoo,"콘시리얼 2공기, 올리고당 1/2종이컵, 설탕 1T",620,140,4,2
https://www.10000recipe.com/recipe/7040411,건새우 시금치된장국 레시피 시금치 두부 된장국 끓이는법,"시금치손질 후 손질 후, 건새우 10g, 두부 150g, 대파 1.5큰술, 다진 마늘 0.7큰술, 된장 0.7큰술, 쌈장 0.5큰술, 국간장 0.7큰술, 까나리액젓 0.5큰술, 쌀뜨물 800ml, 코인육수 2개, 홍고추고명용 고명용",420,47,33,12
https://www.10000recipe.com/recipe/6925795,즉석 목살 양념구이~ 달큰한 양념소스가 정말 맛있습니다.,"돼지목살 300g, 설탕 1T, 진간장 1-1/4T, 물엿 2T, 간마늘 1/2큰술, 생강가루 1꼬집, 맛술 1T, 굴소스 1/2T, 후추가루 1꼬집, 대파 다진거 1큰술",1050,47,84,54
https://www.10000recipe.com/recipe/6992379,묵은지간장국수 묵은지를 쭉쭉 찢어보세요 한끼가 해결됩니다,"묵은지 1/4포기, 소면 2인분, 소금 1큰술, 간장 4큰술, 설탕 2큰술, 들기름 2큰술, 통깨 1큰술, 다진마늘 1/2큰술",1020,144,24,40
https://www.10000recipe.com/recipe/6838102,고추장참치볶음 + 케일쌈밥까지 - 도시락메뉴,"캔참치 150g 2개, 대파, 애호박, 당근, 양파, 케일, 고추장 3T, 고추가루 0.5T, 올리고당 2T, 통깨 1T",1020,45,105,50
https://www.10000recipe.com/recipe/7042930,"딸아이가 먹고픈 음식, 두부구이와 부추겉절이","두부 1모, 들기름 3숟가락, 부추 1줌, 양파 1/2개, 고춧가루 2숟가락, 멸치액젓 1숟가락, 유자청 2숟가락, 식초 2숟가락, 깨소금 약간, 마늘, 참기름",620,23,33,45
https://www.10000recipe.com/recipe/3595564,튀기지 않은 토스트 핫도그,"식빵 3장, 슬라이스치즈 3장, 소시지 3개, 달걀 1개, 설탕 1/2작은술, 우유 1큰술",1015,63,58,61
https://www.10000recipe.com/recipe/6965877,맛살깻잎말이(맛살전),"맛살 10개, 깻잎 10장, 달걀 2개, 밀가루 2숟갈, 소금 1꼬집, 후추 톡톡, 식용유",420,22,24,28
https://www.10000recipe.com/recipe/6933144,우리 집 최애 반찬 달콤 짭조름한 닭안심감자조림,"닭안심 10조각, 감자 작은 것 2개, 대파 1대, 우유 적당량, 당면 1줌, 간장 1소주잔, 설탕 1/2소주잔, 생수 1소주잔, 맛술 1/2소주잔, 다진 마늘 1큰술, 참기름 1/2큰술, 통깨 적당량",2150,191,157,82
https://www.10000recipe.com/recipe/6963204,[애호박두부탕 끓이는 법]다이어트 식단으로 좋은 맑은 국물 요리,"애호박 1개, 두부 1모, 물 500ml, 쪽파 1대, 청양고추 1개, 홍고추 약간, 간마늘 1큰술, 새우젓 2큰술",420,38,33,15
https://www.10000recipe.com/recipe/4320507,구운애호박 무침,"애호박, 고춧가루 1작은술, 양조간장 2/3큰술, 참기름 1작은술, 다진마늘 1작은술, 참깨, 다진파, 다진홍고추",85,6,3,6
https://www.10000recipe.com/recipe/7004170,밥과 잘어울리는 스팸덮밥,"스팸 200g, 계란 1개, 파 1대, 밥 1공기, 간장 1스푼, 맛술 1스푼, 설탕 1스푼, 물 3스푼, 참기름 1스푼",1025,92,53,48
https://www.10000recipe.com/recipe/6895759,감자베이컨치즈~전자렌지의 세계가 무한합니다^^♡,"감자 중 3개, 체다치즈 2장, 베이컨 5줄, 모짜렐라치즈 1/2컵, 스파게티소스 1/2컵, 소금 1작은술, 설탕 2작은술, 파슬리가루 조금",1435,92,78,89
https://www.10000recipe.com/recipe/6946032,아삭한 식감이 매력적인 단짠 반찬 마늘종 볶음,"마늘쫑 130g, 대파 40g, 양파 40g, 다진마늘 1/2T, 식용유 2T, 통깨 적당량, 참기름 1/2T, 진간장 2T, 올리고당 1T",315,20,4,25
https://www.10000recipe.com/recipe/7032269,유퀴즈 류수영 설마 고추장 비빔국수 류수영 비빔국수 양념장 레시피 만들기,"소면또는 중면사용 또는 중면사용, 양파 1/2개, 오이 1개, 닭가슴살블랙페퍼 블랙페퍼, 청양고추 2개, 홍고추 1/2개, 김가루, 통깨 약간, 식초 4T, 설탕 2T, 맛소금 3~4꼬집, 설탕 4T, 고춧가루 2T, 통깨 2T, 참기름 4T, 양조간장 6T, 식초 4T, 다진마늘 0.5T, 케찹 1T, 고추장듬뿍 듬뿍, 후추 10바퀴, 채수오이 양파절일때 나온 오이 양파절일때 나온",1230,107,97,45
https://www.10000recipe.com/recipe/6895112,자취생 간단요리<메추리알볶음>,"메추리알 1봉지, 비엔나소세지 2봉지, 청양고추 1~3개, 고추장 1~1.5T, 케첩 4~5T, 진간장 1~1.5T, 설탕 2T, 물 5~7T",1740,144,78,96
https://www.10000recipe.com/recipe/6883228,간단하게~ 양송이 버섯 덮밥,"양송이 버섯 10줌, 잔파 6대, 다진마늘 2큰술, 물 400ml, 간장 2큰술, 굴소스 1큰술, 설탕 1/3큰술, 후춧가루 약간, 참기름 1큰술, 소금 약간, 통깨 약간, 전분 2큰술, 물 2큰술",215,23,10,9
https://www.10000recipe.com/recipe/6945735,초스피드반찬 : 유아반찬으로 좋은 감자카레전 5분만에 만들기,"큰감자 3개, 튀김가루 1T, 카레가루 1T, 소금 아주조금, 올리브유",1020,150,12,42
https://www.10000recipe.com/recipe/7042580,초간단 계란국 끓이는법 팽이버섯 계란국 레시피,"계란 2개, 팽이버섯 손질 후 75g, 대파 17g, 다진 마늘 0.5큰술, 참치액 1.5~2큰술, 동전육수 2개, 소금 1~2꼬집, 후추 톡톡톡, 물 800ml",372,10,38,19
https://www.10000recipe.com/recipe/6855088,"갈릭치킨, 매력있는 맛일세~~","닭봉한가지만 사용해도 됨 한가지만 사용해도 됨, 닭다리 400g, 마늘취향껏 가감 취향껏 가감, 소금 1t, 후춧가루 약간, 올리브유 2T, 설탕 2T, 간장 1T, 물 3T, 식초 1.5T, 올리고당 75g, 소금 1/2t",1120,75,80,60
https://www.10000recipe.com/recipe/6896819,실패는없다!백종원 냉국레시피!,"오이 1개, 불린미역 1/2줌, 양파 1/2개, 당근 1/4개, 식초 6스푼, 다진마늘 1스푼, 설탕 4스푼, 소금 1스푼, 진간장 1/2작은스푼, 청양고추 1개, 홍고추 1개, 물 500ml, 통깨 약간",320,68,8,3
https://www.10000recipe.com/recipe/6902807,"베이컨 떡꼬치구이 만드는 법, 아이 간식","가래떡, 베이컨, 머스터드소스, 케첩",1200,200,40,30
https://www.10000recipe.com/recipe/6848325,아망디오쇼콜라,"버터5T 5T, 황설탕1/2컵 1/2컵, 계란 1개, 코코아가루2T 2T, 아몬드슬라이스 1컵, 박력분2컵 2컵",3860,448,84,196
https://www.10000recipe.com/recipe/6892138,두부강정 맵지않은 소스로 아이들 입맛까지 확 ~,"두부 1모, 부침가루 약간, 식용유 약간, 케첩 3큰술, 올리고당 2큰술, 설탕 1큰술, 간장 2큰술, 다진마늘 1큰술",1020,94,47,54
https://www.10000recipe.com/recipe/6991429,밥 두그릇 순삭하는 맛 소시지볶음장 만들기,"소시지 20개, 스위트콘 4큰숟갈, 식용유 2숟갈, 양파 1/2개, 당근 1/2개, 대파 1/2개, 다진마늘 2티스푼, 고추장 2숟갈, 케첩 4숟갈, 설탕 2숟갈, 물엿 2숟갈, 진간장 1숟갈, 굴소스 1.5숟갈",3150,198,110,210
https://www.10000recipe.com/recipe/7016404,#새우 브로콜리볶음 #크리스마스음식 만들어놓으면 순십간에 사라지는 요리,"새우 10~15마리, 브로콜리 1/2개, 마늘 5개, 생강 1스푼, 전분 조금, 물 1수저, 굴소스 1수저, 소금 1/3수저, 설탕 1/2수저, 참기름 1수저, 후추 조금",345,31,25,14
https://www.10000recipe.com/recipe/7000439,국물이 시원한 뚝배기 당면 소불고기 레시피,"불고기용 소고기 600g, 당근 1개, 양파 1개, 느타리 버섯 1팩, 파프리카 1개, 당면 1인분, 간장 6스푼, 올리고당 1스푼, 설탕 1/2스푼, 다진마늘 1스푼, 참기름 1스푼, 깨 1스푼, 물 약간",2150,123,160,120
https://www.10000recipe.com/recipe/7024640,콩나물무국 (담백하고 해장에 좋은 아침국),"콩나물 300g, 무 150g, 대파 1/2대, 청양고추 1개, 코인육수 2개, 물 1L, 참치액 2스푼, 다진 마늘 1스푼, 새우젓건더기만 건더기만",420,60,30,5
https://www.10000recipe.com/recipe/7027181,면역력 높이는 건강한 반찬 통마늘 표고버섯볶음 만드는 법,"마늘 20개, 표고버섯 8개, 식용유 3T, 고추장 2T, 고춧가루 2T, 올리고당 2T, 간장 2T, 참기름 1T, 볶은 참깨 1T",1070,68,20,82
https://www.10000recipe.com/recipe/6910345,허니갈릭 연어,"연어 3덩이, 소금 1꼬집, 후추 1꼬집, 올리브오일혹은 식용유 혹은 식용유, 물 5T, 간장 5T, 꿀 3T, 옥수수 전분 2T",1050,60,75,60
https://www.10000recipe.com/recipe/6919453,냉장고에 새송이 하나쯤은 있쟈냐~! 새송이간장버터구이 ★,"새송이버섯 3개, 꽈리고추 4개, 버터 2숟가락, 통깨 약간, 간장 2숟가락, 맛술 1숟가락, 올리고당 1.5숟가락, 후추 약간",315,16,6,24
https://www.10000recipe.com/recipe/6907004,촉촉하고 부드러운 초코크랙쿠키 만들기(+버터없이도 가능해요~!!),"버터또는 식용유 또는 식용유, 계란 2개, 설탕 100g, 소금 2꼬집, 박력분 180g, 코코아파우더 50g, 베이킹파우더 4g, 슈가파우더",2380,320,36,112
https://www.10000recipe.com/recipe/6994106,스팸돈부리 레시피,"스팸 2캔, 통깨 약간, 밥 2인분, 진간장 4스푼, 맛술 2스푼, 설탕 2스푼, 고춧가루 2스푼, 물 6스푼",2400,320,120,80
https://www.10000recipe.com/recipe/6984535,"아삭함이 살아있는 반찬! 양배추 무침, 겉절이 만들기","양배추 350g, 고춧가루 4T, 설탕 2T, 액젓 2T, 다진마늘 1.5T, 식초 3T, 소금 1t, 참기름 1.5T, 깨소금 1T",525,53.5,10.5,31.5
https://www.10000recipe.com/recipe/6880694,버섯요리/조금 색다르게 만들어 먹는 버섯 깐풍,"느타리버섯 1팩, 청고추 1개, 홍고추 1개, 마늘 1수저, 튀김기름 1컵, 진간장 2수저, 물 2수저, 설탕 2수저, 식초 2수저, 참기름 약간, 기름볶을 때 볶을 때, 물 1/2컵, 튀김가루 7수저",1230,157,17,59
https://www.10000recipe.com/recipe/6837437,두부고기 맛이 나는 두부볶음~~,"단단한 두부 1모, 다진 마늘 1Ts, 물 3Ts, 고추장평평하게 깎아서 계량 평평하게 깎아서 계량, 간장 1Ts, 굴소스 1/2Ts, 올리고당 2Ts, 참기름 1Ts, 깨 1Ts",220,11,15,13
https://www.10000recipe.com/recipe/6907655,'몽쉘'로 초간단 컵브라우니 만들기,"몽쉘 4개, 우유 약간",1080kcal,144g,32g,40g
https://www.10000recipe.com/recipe/6989508,겉바속촉 브라우니 쿠키 만들기,"밀가루박력분 70g, 버터 40g, 백설탕 40g, 달걀 1/2개, 밀가루박력분 65g, 버터 50g, 황설탕 60g, 코코아파우더 13g, 베이킹파우더 0.5g, 베이킹소다 0.5g, 달걀 1/2개",1235.5,144.5,17.5,65.5
https://www.10000recipe.com/recipe/6899874,업그레이드 삼겹살덮밥,"삼겹살 300g, 양파 1개, 양배추 1/6통, 계란 2개, 간장 3T, 물엿 3T, 다진마늘 1T, 후추 조금, 소금 조금",2150,68,132,155
https://www.10000recipe.com/recipe/7020842,"구운마늘 좋아하는 사람은 만들어보세요, 돼지고기마늘조림","돼지목살 300g, 통마늘 1줌 45g, 전분가루1숟가락 1숟가락, 맛술8g 8g, 식용유2숟가락 2숟가락, 소금 약간, 후추 약간, 페페론치노 약간, 간장2숟가락 2숟가락, 설탕1숟가락 1숟가락, 올리고당1숟가락 1숟가락, 다진마늘6g 6g, 굴소스1숟가락 1숟가락, 맛술1숟가락 1숟가락, 참기름 약간, 물50g 50g",1395,38.6,94.1,94.5
https://www.10000recipe.com/recipe/7034256,"냉면 다시다로 열무국수 만들기, 물·비빔 만능 양념장 레시피","다시다냉면다시다 냉면다시다, 냉면사리 300g, 열무김치 1컵, 물 800ml, 계란 2개, 설탕 1T, 참기름 1T, 식초 1T, 매실액 1T, 고추장 1T, 통깨 1T",1020,123,41,42
https://www.10000recipe.com/recipe/6915735,깔끔고소한 아침국~~들깨무국,"채썬 무 1컵, 대파 1줄, 물 3컵, 들깨가루 3큰술, 소금 1/2큰술, 참기름 1큰술",150,10,5,10
https://www.10000recipe.com/recipe/6928224,아침식사 굿굿! 노오븐 에어프라이어 스위트콘 콘옥수수 치즈 모닝빵,"모닝빵 4개, 스위트콘 1종이컵, 모짜렐라치즈 1/2종이컵, 머스타드 2스푼, 마요네즈 2스푼, 후추 조금",1340,126,52,70
https://www.10000recipe.com/recipe/6861235,[간단 자취요리] 손님 초대용! 저렴하지만 멋지게 한 상 차려보자! / 서가앤쿡 목살 스테이크 만들기,"목살 400g, 계란 1개, 버터 2T, 돈가스소스 3T, 맛술 2T, 설탕 2T, 굴소스 2T, 물 100g",1740,58,108,120
https://www.10000recipe.com/recipe/6894649,"간단한 요리 레시피, 덮밥으로도 술안주로도 OK! 10분만에 만드는 소고기숙주볶음","소고기 150g, 숙주 2줌, 양파 1/2개, 마늘 3개, 굴소스 2T, 간장 1T, 소주 1T, 설탕 0.5T, 후추 조금",715.5,38.5,53.5,33.5
https://www.10000recipe.com/recipe/6938068,계란말이케이크,"계란 8개, 카놀라유 2~3T, 빨강파프리카 1T, 노랑파프리카 1T, 다진당근 1T, 다진파 2T, 다진양파 1T, 맛소금 1/2ts, 설탕 1ts, 맛소금 1/3ts, 설탕 2/3ts, 참기름 1ts, 케찹, 어린잎",1232,33,64,97
https://www.10000recipe.com/recipe/7004394,촉촉한 일본식 크래미덮밥,"크래미 150g, 대파 1/2대, 계란 2개, 물 200ml, 설탕 2숟가락, 맛술 2숟가락, 간장 1숟가락, 굴소스 1숟가락, 식초 2숟가락, 밥 210g, 전분 1숟가락, 물 1숟가락",1065,158,53,21
https://www.10000recipe.com/recipe/7041672,[까르보나라 떡볶이] 냉장고털이 겸 간단한 간식 만들기,"양배추 1줌, 떡볶이떡 3줌, 양파 1/2개, 비엔나소세지 10개, 베이컨 3줄, 다진마늘 1T, 까르보나라소스 1인분, 청양고추 1T, 물 120ml, 후추 조금",2150,220,85,110
https://www.10000recipe.com/recipe/6841304,"차돌박이 참나물 샐러드 , 쉽고 간단하지만 폼나고 맛있다.","참나물 400g, 차돌박이 300g, 다진마늘 1스푼, 참기름 2스푼, 간장 2스푼, 멸치액젓 1.5스푼, 식초 2스푼, 고춧가루 1스푼, 설탕 1스푼, 깨 약간",1230,38,116,68
https://www.10000recipe.com/recipe/7000243,참치쌈장 양배추쌈 이렇게드셔보세요~ 다이어트음식으로 좋아요,"양배추 적당히, 두부 1/2모, 참치 180g 1캔, 양파 1/2개, 대파 1/2대, 청양고추 1~2개, 고춧가루 1큰술, 다진마늘 1/2큰술, 된장 1큰술, 고추장 1큰술, 설탕 1큰술, 물 3큰술",620,31,58,30
https://www.10000recipe.com/recipe/7029076,오이들깨무침 여름반찬으로 꼭 만들어보세요 오이무침 레시피 오이들깨무침 만드는법,"오이큰사이즈 큰사이즈, 꽃소금절일때 절일때, 다진마늘 1/3T, 들깨가루탕용 탕용, 고운들깨가루껍질제거한 껍질제거한, 들기름 2/3T",123,3,2,11
https://www.10000recipe.com/recipe/6934433,♥[신혼밥상] 닭가슴살 그라탕 한그릇,"쌀밥 1공기, 닭가슴살 100g, 양파 1/2개, 대파 1대, 다진마늘 1/2숟가락, 모짜렐라치즈 듬뿍, 체다슬라이스치즈 1장, 토마토스파게티소스 2큰술",785,68,70,28
https://www.10000recipe.com/recipe/6903698,두부닭가슴살유부초밥,"닭가슴살 300g, 두부 1/2개, 유부2~3인용 2~3인용, 소금 1t, 후추 1/2t",570,10,95,15
https://www.10000recipe.com/recipe/7017097,초간단 대패삼겹 배추찜(차돌박이 대체가능),"대패삼겹 400g, 알배추 1/2통, 스위트칠리소스, 간장 3T, 식초 2T, 맛술 2T, 설탕 1T, 통깨 톡톡, 후추 톡톡, 고춧가루생략가능 생략가능",2640,45,160,200
https://www.10000recipe.com/recipe/6902207,부타동 : 일본식 돼지고기 덮밥 간단한 점심 메뉴로 굿!,"대패삼겹살 200g, 양파 1/2개, 달걀 노른자 1개, 설탕 1큰술, 간장 1.5큰술, 맛술 1큰술, 설탕 1큰술, 다진마늘 1작은술",1016.4,23.6,58.6,77.8
https://www.10000recipe.com/recipe/6896826,초간단술안주!대패삼겹우동볶음!!,"냉동 대패삼겹살 500g, 우동사리 2개, 양파 1개, 대파1개 1개, 숙주 2줌, 맛간장 4T, 굴소스 1.5T, 올리고당설탕대체가능 설탕대체가능, 다진마늘 2T, 미림(맛술) 5T, 참기름 1T, 깨 0.5T, 후추 1t",3150,144,180,210
https://www.10000recipe.com/recipe/6954909,호떡믹스 소세지빵 에어프라이어로 집에서 만드세요,"호떡믹스 270g, 후랑크소시지 6개, 파프리카, 캔옥수수, 모짜렐라치즈, 파슬리가루, 마요네즈, 케찹",2150,180,80,130
https://www.10000recipe.com/recipe/6922857,[아이반찬] 달콤 짧짤 바삭 부드러운 두부강정,"두부 200g, 전분가루 3큰술, 식용유 3큰술, 간장 1큰술, 물엿 1큰술, 케첩 1큰술, 다진마늘 1/2큰술, 물 3큰술, 참기름 1/2큰술",540,38,20,34
https://www.10000recipe.com/recipe/7020389,밑반찬 잔멸치마늘볶음,"잔멸치 300g, 마늘 5톨, ​간장 3T, 매실액 1T, 생강청 1/3T, 술 1T",1050,38,108,51
https://www.10000recipe.com/recipe/6879416,햄 숙주볶음 : 초간단 밥반찬&술안주,"숙주250g 250g, 채썬 햄 1/2~1주먹, 다진 파 1주먹, 청양 고추 1개, 굴소스 1/2~1T, 후추 조금, 식용유 1T, 참기름 1t, 깨 조금",540,38,18,35
https://www.10000recipe.com/recipe/6944255,콩나물불고기 레시피,"대패삼겹살 600g, 콩나물 1봉지, 양파 1/2개, 새송이버섯 1개, 대파 1대, 청양고추 1개, 고춧가루 3숟가락, 고추장 3숟가락, 간장 3숟가락, 설탕 2숟가락, 다진 마늘 2숟가락, 맛술 3숟가락",3660,92,234,264
https://www.10000recipe.com/recipe/6962124,실패없이 만드는 밥도둑 감자스팸간장조림 황금레시피!!,"감자 큰거 1개, 스팸 200g, 당근 1토막, 쪽파 3뿌리, 간장 2T, 굴소스 1T, 올리고당 1T, 설탕 1T, 물 2T, 마늘 1/2t, 참기름 1T, 통깨 약간",1025,94,38,58
https://www.10000recipe.com/recipe/6891247,초코맛! 베이비 슈(홈런볼) 만들기,"무염버터 60g, 설탕 1g, 소금 1g, 차가운 물 100g, 박력분 80g, 달걀(M) 3개, 생크림 100g, 다크 초콜릿 100g",2150,157,45,150
https://www.10000recipe.com/recipe/6903739,베이컨 양파덮밥,"밥 1공기, 베이컨 3줄, 양파 1개, 쪽파 4대, 계란 1개, 식용유 1큰술, 들기름 1큰술, 깨소금 약간, 간장 2큰술, 올리고당 2큰술, 맛술 1큰술, 굴소스 1작은술, 물 1큰술",1025,74,31,68
https://www.10000recipe.com/recipe/6916403,밥에 쓱싹 비벼 먹는 참치 양념장,"마일드 참치 1캔, 양파 1/4개, 진간장 2수저, 미림 2수저, 참기름이나 들기름 이나 들기름, 후추 약간",380,9,30,24
https://www.10000recipe.com/recipe/6974604,오이미역냉채/ 새콤달콤 톡 쏘는 간편 다이어트 요리,"건미역 30g, 오이 1개, 맛살 4줄, 무 130g, 식초 5큰술, 매실액 6큰술, 설탕 1/2큰술, 소금 1/2티스푼, 연겨자 약간, 다진마늘 1/2큰술",215.5,47.6,4.6,1.1
https://www.10000recipe.com/recipe/6918734,쫄깃한 떡에 베이컨을 말아줘~! (제발) 에어프라이어 베떡베떡 ★,"떡볶이떡 12개, 베이컨 6줄, 고추장 1숟가락, 올리고당 3숟가락, 다진 마늘 1/2숟가락, 케첩 3숟가락, 간장 1/2숟가락, 물 3숟가락",1740,264,54,48
https://www.10000recipe.com/recipe/6880695,소고기 배춧국 만들기 든든한 한끼로 제격!,"배추잎 5~6장, 소고기국거리 200g, 다진마늘 1/2스푼, 파 조금, 국간장 1스푼, 맛술 1스푼, 쌀뜨물 3컵, 된장 2스푼",1020,94,74,34
https://www.10000recipe.com/recipe/6889370,간단하게 속편한 국 끓이기! 새우젓 연두부달걀국,"물 500ml, 연두부 1팩, 달걀 2알, 양파 1/4개, 새우젓 1t, 소금 약간, 송송 썬 대파 적당량, 다시마5cm x 5cm 5cm x 5cm, 멸치 8-10마리",420,18,38,20
https://www.10000recipe.com/recipe/7044378,얼큰한 소고기 무국 끓이기 대파 소고기국 만드는법,"소고기 국거리 600g, 대파 4뿌리, 작은 무 1개, 청양고추 1-2개, 다진마늘 1.5T, 참기름 4T, 고춧가루 5T, 국간장 4T, 소금 2T, 참치액젓 2T",3660,92,234,270
https://www.10000recipe.com/recipe/7007156,황태 미역국 끓이기 보양식 같은 아침국으로 좋아요.,"미역, 황태, 다진마늘 1T, 된장 1t, 간장 2T, 소금, 참기름",320,15,25,18
https://www.10000recipe.com/recipe/6894964,맥주와 환상궁합! 백종원 칠리새우 쉽게 만들기,"칵테일 새우 1종이컵, 식용유 3T, 다진마늘 1T, 버터 1T, 후추 톡톡, 케찹 2T, 고추가루 1T, 설탕 1T, 간장 1T, 식초 1T",1025,33,16,93
https://www.10000recipe.com/recipe/6835918,촉촉한 닭가슴살완자 만들기,"닭가슴살 2덩이, 양파, 당근, 파, 계란 2개, 밀가루 약간, 소금, 후추, 다진마늘 1큰술",1020,60,140,20
https://www.10000recipe.com/recipe/6912270,짭조름 간장 쏘야,"양파 1/3, 파프리카 1/2개, 비엔나소세지 2컵, 물 3컵, 간장 2, 올리고당 2, 설탕 1, 후춧가루 약간",1020,70,48,64
https://www.10000recipe.com/recipe/6886375,꼭 해드세요. 존맛임! 버터 스팸동 만들기,"흰쌀밥 1공기, 스팸 작은 캔 1/3개, 버터 1T, 간장, 간장 1/2T, 물 5T, 설탕 1/2T",614,92,15,21
